"";"Isoleucin";"Leucin";"Lysin";"Methionin";"Cystein";"Phenylalanin";"Tyrosin";"Threonin";"Tryptophan";"Valin";"Arginin";"Histidin";"Essentielle Aminosäuren";"Alanin";"Asparaginsäure";"Glutaminsäure";"Glycin";"Prolin";"Serin";"Nichtessentielle Aminosäuren";"Harnsäure";"Purin"
"Hühnerei Vollei frisch";787;1082;735;387;284;748;529;658;181;1045;826;258;7520;710;1200;1548;400;477;916;5251;5;2
"Gnocchi gekocht";146;178;360;62;1613;883;136;20;68;165;259;156;64;2026;177;301;7;200;127;46;116;195
"Kopfsalat mit Essigmarinade (Zubereitung Haushalt)";41;45;102;7;408;115;37;7;15;59;62;47;11;378;42;50;2;33;37;10;26;47
"Salami Kroatische Art";1408;1513;2356;306;13131;4098;1331;186;870;1176;1792;2177;640;11444;1024;1152;62;1099;1126;281;920;1306
"Suppenhuhn Fleisch (mittelfett) frisch";1026;1197;1710;247;9918;2850;931;159;570;988;1425;1653;494;8132;760;855;53;760;798;209;665;912
"Lyoner Wurst";717;771;1201;157;6693;2089;679;134;443;600;913;1109;326;5833;522;587;45;560;574;144;469;665
"Marzipan Rohmasse";487;1448;1217;197;5723;2964;645;26;280;462;815;328;146;6384;632;621;9;450;341;98;353;623
"Weintraube weiß frisch";29;52;86;12;219;144;21;20;25;6;15;16;23;337;15;23;7;34;19;4;13;19
"Kleber (Gluten)";1944;2349;2349;1539;29646;30213;2430;330;1620;3240;5508;1134;1296;51354;4050;10530;110;3888;1944;810;2835;3321
"Rhabarber frisch";18;20;29;1;179;48;17;5;11;17;24;25;7;144;17;15;2;17;14;7;11;25
"Papaya";30;20;103;0;228;69;39;15;10;17;35;52;5;293;20;20;5;32;22;17;10;20
"Tomatensoße mit Tomatenmark (Zubereitung Gastronomie)";121;129;370;36;1065;997;103;51;58;101;153;151;34;1811;99;109;17;111;100;31;67;106
"Geflügel Döner";618;718;1012;197;6223;2451;575;88;338;628;947;880;294;6024;546;802;29;566;497;139;423;616
"Walnüsse geröstet";656;1585;1533;184;5803;2712;734;23;262;497;865;275;157;7234;485;786;8;813;380;118;419;576
"Gouda mind. 45% Fett i. Tr.";780;980;1780;87;15632;6280;500;10;1050;1340;2620;2790;740;11250;1460;340;3;1570;950;285;1480;1850
"Haferflockenbrei (Zubereitung Haushalt)";204;227;390;68;2475;903;144;10;102;266;412;282;107;2278;240;362;3;275;195;62;202;312
"Kefir entrahmt";114;114;256;27;1784;700;72;0;83;197;324;244;79;1647;158;325;0;180;141;45;158;214
"Lachsschinkenpastete";966;1041;1615;212;9002;2819;913;118;596;804;1232;1483;437;7863;706;791;39;759;769;193;629;900
"Mais-Fladenbrot";390;214;323;79;2426;981;187;18;140;187;651;135;99;2600;250;464;6;255;187;37;197;250
"Roggen Vollkorn";414;441;612;162;3627;2331;405;70;162;333;594;351;126;5193;414;1035;23;396;315;90;180;459
"Schwein Schinken gekocht geräuchert";1071;1150;1792;233;9992;3115;1013;138;662;896;1362;1657;487;8705;779;876;46;838;858;215;701;992
"Blattspinat tiefgefroren";141;148;238;31;1343;312;127;60;58;127;212;172;47;1037;132;113;20;106;119;40;106;151
"Weißkohl (Weißkraut) gegart";51;96;108;15;480;270;32;21;25;38;65;59;13;773;38;242;7;70;44;13;23;51
"Maiskeimöl";0;0;0;0;0;0;0;0;0;0;0;0;0;0;0;0;0;0;0;0;0;0
"Brathähnchen Brustfilet roh";1339;1562;2231;322;12939;3719;1215;180;744;1289;1859;2157;644;10612;992;1116;60;992;1041;273;867;1189
"Schweineschmalz, -fett";6;6;9;1;51;16;5;0;3;5;7;8;3;45;4;5;0;4;4;1;4;5
"Plockwurst einfach";1240;1322;2014;254;11317;3470;1072;100;736;1037;1591;1858;541;9629;873;949;33;884;953;239;766;1147
"Hirse ganzes Korn roh";1116;304;529;128;4243;1910;255;66;166;460;1146;226;206;5358;382;911;22;637;343;147;226;509
"Butterschmalz";8;8;19;2;130;51;5;0;6;15;22;18;6;119;12;23;0;13;10;3;12;16
"Frikadelle (Zubereitung Gastronomie)";1091;1181;1755;241;10036;3037;884;114;613;942;1437;1554;476;8422;802;843;38;812;839;216;673;1062
"Kalb Leber roh";1110;940;1660;220;9370;2230;1100;460;530;850;1510;1350;410;7950;850;940;153;910;820;240;570;1080
"Stockwurst";973;1031;1545;188;8717;2637;780;101;558;814;1258;1417;411;7278;667;702;34;641;723;181;572;897
"Bier";24;14;28;5;131;74;20;10;10;10;16;14;4;228;10;66;3;16;12;8;8;20
"Camembert Doppelrahmstufe";454;554;1042;84;8735;3511;269;10;437;974;1596;1193;386;7981;773;1831;3;874;689;218;773;1058
"Schwein Filet (mager) frisch gegart";1710;1835;2861;373;15955;4976;1617;212;1057;1431;2177;2645;777;13900;1244;1399;71;1337;1368;342;1120;1586
"Schnittkäse";670;818;1538;99;12895;5183;397;10;570;1265;2357;1860;570;11781;1215;2703;3;1290;1017;322;1240;1562
"Debreziner Konserve";802;850;1288;159;7232;2201;665;74;467;670;1032;1177;344;6098;556;594;25;548;605;151;482;739
"Zucchini gedünstet mit Knoblauch (Zubereitung Haushalt)";67;80;176;14;568;244;51;19;26;58;84;79;19;650;49;47;6;65;40;19;40;60
"Eier gekocht, gesalzen (Zubereitung Haushalt)";708;823;1196;283;7494;1543;399;5;257;784;1077;733;386;5234;746;475;2;913;656;180;527;1042
"Rind Leber roh";1440;1300;2140;280;12460;2980;1490;554;660;1150;1990;1750;600;10390;1170;1230;185;1110;1010;310;770;1470
"Krabbe klein (Shrimps) gegart";1191;1455;1890;189;9333;2740;1134;149;283;793;1532;1417;453;8618;718;756;50;907;793;189;661;850
"Wildreis gekocht";324;313;512;65;2623;1052;243;0;87;253;464;205;97;2666;270;270;0;265;210;54;243;362
"Sülzwurst hervorhebend";1426;1444;2058;253;11383;3598;1795;158;703;1005;1573;1888;531;11204;899;1329;53;998;970;233;745;1139
"Geflügelbratwurst";1306;1467;2163;251;11621;3584;1190;117;808;1150;1743;1988;602;10289;839;1080;39;966;948;219;417;1189
"Weißer Preßkopf";1258;1324;2032;257;11308;3520;1191;191;744;1016;1560;1859;544;9961;882;1026;64;934;970;238;777;1137
"Rind Hackfleisch frisch";1218;1278;1867;216;10652;3145;865;108;668;1022;1592;1710;491;8609;806;806;36;708;865;216;668;1120
"Sülzkotelett";1139;1155;1663;200;9100;2887;1421;110;577;805;1238;1504;432;8980;714;1076;37;794;775;186;600;914
"Gänseleberkäse getrüffelt";1096;1127;1821;274;10710;2792;1034;228;728;910;1550;1741;503;8691;944;1021;76;927;896;240;664;1133
"Pommes frites mit Ketchup";89;118;362;23;963;460;78;26;36;94;133;133;33;1159;97;81;9;89;81;31;66;118
"Mango tiefgefroren";63;23;51;0;254;72;26;16;15;22;39;50;6;261;21;22;5;27;23;10;13;32
"Zwiebeln gebraten (zubereitet ohne Fett)";52;182;104;33;533;295;79;14;15;22;38;65;14;642;40;58;5;54;23;22;47;32
"Schnittkäse Vollfettstufe";682;833;1566;101;13130;5277;404;10;580;1288;2402;1894;580;11994;1237;2752;3;1313;1035;328;1262;1590
"Zucker braun Rohzucker";0;0;0;0;0;0;0;0;0;0;0;0;0;0;0;0;0;0;0;0;0;0
"Schinkenwurst Krakauer Art roh";955;1019;1558;197;8737;2688;836;102;569;799;1225;1432;419;7463;676;737;34;689;739;185;594;883
"Quark mit Kräutern Fettstufe";193;206;402;32;2681;1041;128;11;140;280;470;377;105;2557;242;528;4;265;221;70;221;317
"Pastete im Brotteig";1120;1201;1873;245;10448;3267;1059;149;693;936;1426;1732;509;9115;815;920;50;876;896;224;732;1039
"Schwein Leber gegart";1499;1396;2186;329;13362;2843;1499;613;698;1375;2175;1878;647;10592;1160;1354;204;1211;1098;318;800;1488
"Lauchzwiebel roh";34;167;70;21;467;200;53;15;14;23;34;57;13;433;34;40;5;36;20;19;39;26
"Kartoffelpüree (Zubereitung Gastronomie)";82;104;283;21;1039;405;66;11;41;106;161;142;41;1063;100;129;4;98;84;31;81;127
"Aprikose Konfitüre";16;11;75;1;119;38;10;7;6;10;19;23;1;183;13;24;2;20;12;4;7;12
"Klarer";0;0;0;0;0;0;0;0;0;0;0;0;0;0;0;0;0;0;0;0;0;0
"Gerste Perlgraupen";425;483;560;135;4111;2363;367;100;174;386;666;328;154;5346;502;1148;33;483;328;135;357;463
"Lakritze";124;147;211;88;1549;1370;155;20;77;160;291;87;58;2561;198;487;7;214;114;42;106;181
"Westfälische grobe Mettwurst";1092;1173;1827;238;10186;3180;1033;134;675;914;1390;1688;495;8880;794;894;45;854;874;218;714;1013
"Helle Zungenwurst Konserve";865;964;1469;192;8174;2548;842;117;509;732;1157;1346;387;7146;643;741;39;681;695;178;552;819
"Schalotte roh";58;278;115;37;779;332;88;15;24;38;58;94;21;720;58;67;5;60;34;30;64;43
"Cornflakes mit Zucker, Honig geröstet";488;268;406;98;3038;1234;235;73;175;235;813;170;124;3261;313;579;24;319;235;46;248;313
"Haferdrink";53,2;62,1;83;33,6;480,3;217,4;53,2;14,9;20,3;41;77,2;39,9;17,9;519,7;51,8;58,6;5;54,3;36,1;15,4;30,9;54,1
"Spargel weiß gegart";95;87;210;17;600;370;63;28;29;57;82;82;19;908;49;105;9;65;51;19;34;74
"Sojaerzeugnisse";1524;2564;4199;595;18357;6800;1486;191;855;1746;2897;2081;595;17873;2007;1969;64;1895;1524;446;1263;1784
"Marmorkuchen aus Rührmasse";261;305;428;130;2946;1377;206;13;117;306;477;248;135;3130;321;483;4;375;242;75;210;380
"Weichkäse aus Ziegenmilch (45% Fett i. Tr.)";546;666;1252;102;10506;4222;324;10;526;1172;1920;1434;464;9596;930;2202;3;1050;828;262;930;1272
"Landjäger";881;938;1420;176;7991;2440;743;77;517;737;1134;1307;380;6757;614;661;26;612;670;168;536;814
"Zuckererbsen frisch";80;192;328;44;1944;644;100;150;20;228;324;288;12;1416;128;88;50;176;140;36;140;392
"Weizen Grieß gegart";33;43;47;19;375;285;44;9;18;37;64;26;14;566;44;108;3;49;28;10;29;43
"Feldsalat frisch";79;88;202;13;807;224;74;24;29;120;126;92;22;739;83;96;8;64;70;20;52;92
"Hafer ganzes Korn roh";656;772;1008;323;5629;2547;709;94;225;468;870;495;191;6378;605;799;31;660;424;190;424;643
"Weißbrot-Weizentoastbrot";244;264;357;149;2861;2313;270;48;140;295;531;194;110;4406;350;839;16;383;219;75;206;328
"Walnüsse";720;1742;1685;202;6380;2980;806;25;288;547;950;302;173;7948;533;864;8;893;418;130;461;634
"Konfitüre Gelee Marmeladen";6;3;39;0;35;9;3;6;2;4;6;6;1;65;3;4;2;4;3;1;2;4
"Kiwi frisch";45;35;90;5;315;100;35;19;15;30;50;50;10;345;25;35;6;40;30;10;20;35
"Haselnusspastete";965;1135;1616;213;9059;2891;937;120;586;820;1233;1438;423;7994;705;799;40;786;759;198;631;918
"Lachs tiefgefroren";1178;1104;1803;184;9550;2613;791;170;478;883;1435;1695;478;7930;699;699;57;846;828;184;607;975
"Pumpernickel";302;293;502;114;2593;1663;329;57;142;249;417;242;91;3748;280;664;19;288;236;64;151;314
"Kaiserjagdwurst Konserve";926;994;1550;202;8630;2694;875;119;572;774;1178;1428;420;7526;673;758;40;723;740;186;605;858
"Mais-Vollkornfladenbrot";458;250;378;91;2843;1150;220;41;165;220;762;158;116;3047;293;542;14;299;220;43;232;293
"Honig";17;24;38;7;171;70;16;0;7;14;24;16;7;182;21;21;0;20;16;5;8;22
"Vollkornbrot mit Sonnenblumenkernen";330;366;570;127;2928;1804;373;61;158;284;462;264;104;4073;312;679;20;317;260;74;168;349
"Schaf Muskelfleisch";1248;1290;1872;250;10567;3411;1019;180;562;1019;1560;1685;499;9401;790;957;60;894;936;250;707;1019
"Rind Lunge frisch";941;958;1550;139;8536;1812;1254;340;418;766;1482;1289;314;7142;714;714;113;871;714;157;575;1010
"Pak Choi frisch";68;71;86;11;496;286;33;25;21;67;69;62;12;535;39;24;8;38;44;14;29;57
"Champignon frisch";137;190;126;16;1019;192;74;60;55;110;118;170;25;762;74;151;20;82;85;22;66;88
"Knoblauchwurst einfach";932;987;1474;179;8340;2514;737;51;533;781;1207;1354;392;6931;637;668;17;606;691;173;545;861
"Wurzelpetersilie frisch";95;104;294;9;838;769;78;30;40;92;115;109;26;1610;69;288;10;86;81;26;35;132
"Apfel Fruchtsaft";3;2;22;0;24;7;2;13;1;2;4;5;1;39;2;2;4;3;2;1;1;3
"Beerenobst";29;52;86;12;219;144;21;20;25;6;15;16;23;337;15;23;7;34;19;4;13;19
"Pecannuss frisch";400;1135;837;214;4855;1841;446;0;251;419;642;372;167;4398;465;428;0;446;307;167;288;428
"Schweinefilet im Netz                   ";1161;1241;1948;252;10862;3395;1092;127;714;978;1490;1791;523;9501;853;990;42;915;931;236;763;1090
"Geflügelwiener Würstchen";1140;1281;1893;216;10151;3130;1034;97;700;1002;1521;1733;523;8981;731;942;32;842;822;188;352;1082
"Spekulatius aus Mürbeteig";288;456;508;158;3363;2140;304;23;152;330;562;225;129;4344;392;699;8;405;248;80;231;400
"Mosaik-, Schachbrettpastete und andere";894;921;1462;190;8124;2520;837;104;557;696;1145;1326;380;7140;656;742;35;685;691;174;553;835
"Kresse frisch";243;266;487;5;2236;570;226;28;110;221;314;321;78;1963;226;226;9;211;210;55;149;281
"Banane frisch";46;54;115;2;492;105;43;25;77;38;84;58;9;398;35;40;8;49;38;18;21;58
"Rumpsteak (Zubereitung Großküche)";1839;1929;2819;327;16086;4748;1306;154;1009;1542;2403;2586;741;12996;1216;1216;51;1068;1306;327;1009;1691
"Linsen reif frisch";1011;1853;2703;212;11560;3878;964;200;564;1058;1692;1645;188;10765;1175;987;67;1222;940;212;752;1269
"Oliven";65;137;134;26;691;290;72;25;39;63;92;51;29;682;62;58;8;63;50;21;46;75
"Müsli";498;649;780;179;4533;2395;493;105;210;441;745;356;148;5572;491;871;35;535;336;113;334;531
"Kokosflocken aus Fondant";50;128;97;17;515;211;47;0;19;48;75;39;17;496;44;40;0;51;35;9;29;55
"Gouda mind. 10% Fett i. Tr.";744;909;1707;111;14320;5756;440;10;633;1404;2616;2065;633;13081;1350;3002;3;1432;1129;358;1377;1735
"Gelee einfach";5;3;36;0;33;8;3;6;2;3;6;5;1;59;3;3;2;4;3;1;2;4
"Tomatensoße italienisch (Zubereitung Großküche)";129;144;291;29;1126;637;103;25;65;106;164;171;44;1344;91;92;8;92;99;28;70;115
"Kohlrabi frisch";96;124;204;10;708;320;76;30;42;82;90;84;20;1152;56;354;10;102;64;20;40;76
"Kokosnuss";244;524;468;76;2195;1035;233;0;76;214;332;161;75;2428;193;194;0;254;139;42;128;235
"Obstsalat süßsauer (Zubereitung Haushalt)";33;45;108;6;276;85;36;17;25;24;42;30;8;326;23;32;6;32;20;7;14;32
"Kalbfleischsülze";1315;1309;1780;188;9909;3011;1404;121;598;930;1460;1603;447;9303;754;1084;40;709;803;191;585;1041
"Salami ungarische Art";1091;1170;1825;237;10169;3175;1030;139;674;912;1387;1684;496;8865;793;893;46;851;873;218;713;1012
"Muffins mit Schokolade";287;374;542;139;3192;1534;255;22;129;309;507;283;131;3575;335;558;7;399;268;94;219;404
"Graubrot-Weizenmischbrot mit Sonnenblumenkernen";302;367;467;172;3166;2248;331;54;161;324;539;230;120;4526;365;796;18;382;249;83;197;359
"Aprikose - Marille";49;32;226;2;350;113;29;20;19;29;56;69;4;549;37;73;7;59;35;11;21;35
"Schinkenroulade";1117;1204;1871;245;10423;3260;1057;136;689;935;1423;1720;506;9095;815;914;45;876;893;224;731;1038
"Kartoffelsalat mit grüner Gurke und Mayonnaise (Zubereitung Gastronomie)";70;97;211;17;752;285;59;10;32;73;106;103;29;762;70;70;3;67;62;22;53;88
"Brötchen-Roggenbrötchen mit Sonnenblumenkernen";323;364;552;131;2939;1805;361;63;158;288;467;260;107;4031;314;667;21;323;255;76;173;346
"Leberwurst einfach";740;724;1110;133;6113;1712;904;131;362;525;948;944;275;5745;506;713;44;566;538;133;400;625
"Bohnen grün tiefgefroren gegart";115;110;315;26;1089;281;100;51;58;106;159;150;34;1059;100;106;17;142;100;32;74;140
"Vollkornbrot-Mehrkornvollkornbrot";335;319;523;121;2777;1693;340;63;148;266;455;253;99;3871;297;668;21;312;247;72;166;334
"Kalbfleisch-Pastete";1076;1138;1687;219;9675;3184;842;130;609;916;1427;1523;451;8364;759;858;43;717;794;202;629;1008
"Hausmacher Blutwurst Konserve";920;883;1439;185;8000;2451;847;14;581;626;1191;1279;348;7125;684;785;5;683;668;169;514;872
"Salzstangen";270;315;378;198;3321;3069;333;100;162;342;630;171;126;5616;432;1098;33;468;243;90;234;378
"Mozzarella";594;748;1386;88;10615;4345;374;0;583;946;1837;1584;550;9823;1023;2057;0;1067;715;264;1067;1210
"Brathähnchen Leber frisch";993;993;1643;267;9970;2311;936;243;688;821;1490;1605;458;7755;936;993;81;879;821;229;573;1089
"Rote Bete gegart";33;29;103;16;438;371;29;21;17;36;57;75;26;608;43;36;7;36;41;11;51;36
"Agavendicksaft";10;10;10;10;50;5;5;5;5;5;5;5;5;40;0;5;1,7;5;0;0;0;5
"Shiitakepilz frisch";78;89;103;27;605;353;56;50;22;55;92;47;25;715;67;56;17;69;67;3;44;67
"Mortadella Konserve";659;715;1107;145;6160;1932;624;116;406;552;841;1017;299;5381;482;540;39;519;526;132;431;614
"Marmelade";6;3;39;0;35;9;3;6;2;4;6;6;1;65;3;4;2;4;3;1;2;4
"Griechischer Joghurt";230;481,6;550,5;65;2914,8;1161,5;199,9;3,9;132,8;242,1;475,6;316,4;126,9;2838,4;250,6;387,5;1,3;309,1;219,8;67,9;227,5;308,5
"Rind Pökelfleisch gekocht ungeräuchert";1036;1086;1588;184;9057;2674;736;90;568;869;1354;1453;418;7320;685;685;30;601;736;184;568;952
"Schwein Nacken (Kamm) (fett) frisch gegart";1468;1574;2457;321;13696;4272;1389;178;908;1228;1868;2269;668;11937;1068;1202;59;1149;1174;294;962;1362
"Hirsch Fleisch (mager) frisch";1133;1339;1854;247;10588;3296;1030;110;515;1030;1607;1669;515;9188;824;1030;37;845;906;227;700;1009
"Geflügelleberwurst";1190;1167;1893;288;11374;2733;1130;282;746;999;1707;1778;534;9036;997;1104;94;986;945;259;678;1276
"Haselnusspastete mit Mürbeteig";740;913;1236;179;7092;2490;735;91;445;653;979;1067;322;6555;568;708;30;646;585;159;494;728
"Joghurt 10% mit Früchten";91;100;209;25;1412;477;59;1;68;157;247;188;63;1260;125;280;0;144;112;38;124;165
"Geflügelbierwurst";1412;1545;2320;265;12562;3820;1286;127;805;1206;1856;2143;647;11034;913;1155;42;1041;1041;230;505;1406
"Schwarze Graupenwürstchen";599;547;869;120;5065;1683;565;95;343;377;849;699;184;4884;499;692;32;476;410;115;316;606
"Tofu frisch";339;509;929;97;3870;1585;331;70;234;380;630;469;97;4008;436;428;23;396;259;121;242;396
"Rotwein leicht";4;10;4;2;48;23;3;0;2;3;2;5;1;55;2;15;0;6;16;0;1;4
"Kürbiskern geröstet";1464;5143;3142;392;20461;5535;2249;0;821;1572;2642;2285;678;15068;1536;1249;0;1429;1107;536;1285;2464
"Vollkornbrot mit Ölsamen";330;366;570;127;2928;1804;373;61;158;284;462;264;104;4073;312;679;20;317;260;74;168;349
"Linsen reif gegart";377;691;1009;79;4316;1448;360;75;211;395;632;614;70;4018;439;368;25;456;351;79;281;474
"Bratwurst (nicht umgerötet)";671;721;1125;147;6261;1954;635;80;414;561;854;1038;305;5459;489;549;27;525;537;134;439;622
"Amaranth roh";799;1060;1261;310;6482;2259;1636;66;389;582;879;747;226;7801;542;698;22;1148;558;181;329;679
"Brühwurst feingekuttert (umgerötet)";717;771;1201;157;6693;2089;679;134;443;600;913;1109;326;5833;522;587;45;560;574;144;469;665
"Avocado";91;78;183;0;637;196;91;0;0;65;117;117;0;730;78;78;0;91;78;0;0;104
"Hirschsalami";1214;1397;1999;265;11332;3641;1117;123;610;1076;1670;1809;552;9960;883;1071;41;918;970;243;762;1095
"Cashewnuss geröstet und gesalzen";633;1583;1362;285;8360;3293;728;0;317;839;1156;633;253;7394;713;618;0;760;554;332;523;1172
"Geflügelknackwurst";1140;1281;1893;216;10151;3130;1034;97;700;1002;1521;1733;523;8981;731;942;32;842;822;188;352;1082
"Knacker einfach, Schüblinge einfach";677;725;1127;146;6282;1955;630;81;415;565;862;1039;305;5456;489;547;27;520;537;134;438;627
"Kiwi";45;35;90;5;315;100;35;19;15;30;50;50;10;345;25;35;6;40;30;10;20;35
"Erbswurst";533;911;1172;135;5874;1808;506;72;316;585;823;844;181;4991;504;467;24;505;462;111;399;603
"Schnittkäse aus Ziegenmilch (50% Fett i. Tr.)";600;670;1490;130;12740;5190;400;0;690;1090;2300;1890;560;11670;1310;2770;0;1220;1040;300;1050;1710
"Milzwurst";1003;1066;1604;197;9122;2662;850;163;566;858;1349;1471;417;7538;711;731;54;688;761;190;584;952
"Deutsche Salami";1091;1173;1826;237;10176;3177;1032;139;675;912;1389;1683;496;8872;793;893;46;853;873;218;714;1013
"Haferkleieflocken";721;794;1178;356;6318;2812;776;100;274;557;1032;457;219;6902;712;767;33;648;484;173;520;740
"Leinsamen";1066;2235;2225;424;10948;4698;1376;0;517;952;1356;911;445;11321;1107;849;0;1107;869;393;590;1149
"Brötchen mit Sonnenblumenkernen";278;355;426;175;3194;2547;331;49;158;327;572;196;121;4876;389;879;16;415;241;85;214;361
"Sonnenblumenöl";0;0;0;0;0;0;0;0;0;0;0;0;0;0;0;0;0;0;0;0;0;0
"Geflügelmortadella gebraten (zubereitet ohne Fett)";845;814;1311;167;7085;2135;781;147;391;726;1026;1158;359;6247;533;614;49;561;598;162;453;698
"Zwieback";276;322;386;202;3391;3134;340;60;165;349;643;175;129;5735;441;1121;20;478;248;92;239;386
"Spaghetti gekocht, mit Butterflöckchen (Zubereitung Gastronomie)";142;165;199;103;1742;1607;174;23;85;180;331;91;66;2943;226;575;8;246;127;47;123;198
"Sonnenblumenkern roh";1120;2390;2420;450;12280;5770;1430;0;670;1100;1650;960;550;13030;1250;1170;0;1120;930;360;680;1290
"Macadamianuss roh";345;928;849;981;4588;1856;389;0;177;256;477;336;97;4209;274;407;0;363;274;107;345;336
"Chicoree frisch";56;62;143;9;568;159;52;15;21;85;87;65;16;524;59;68;5;46;49;14;36;65
"Weiße Graupenwurst";603;648;962;130;5602;1880;616;137;318;508;853;809;242;5276;492;688;46;527;469;128;404;601
"Mortadella süddeutsch, Zungenwurst";974;1042;1568;218;9011;2756;914;134;552;814;1295;1466;419;7713;720;740;45;761;768;195;615;907
"Hüttenkäse Halbfettstufe";340;416;781;63;6553;2633;202;0;365;680;1197;945;290;5984;580;1373;0;655;517;164;580;756
"Kasseler gebraten im Backofen ohne Fett";1409;1443;2360;291;13031;3713;1085;0;1029;1174;1980;2215;593;10423;984;906;0;950;1107;302;660;1253
"Whisky";0;0;0;0;0;0;0;0;0;0;0;0;0;0;0;0;0;0;0;0;0;0
"Margarine pflanzlich Linolsäure 30-50%";6;7;14;2;106;40;4;0;5;11;18;15;5;92;9;18;0;10;9;3;9;13
"Bohnen grün tiefgefroren";115;110;316;26;1094;282;100;46;58;106;164;150;34;1061;100;106;15;142;100;32;74;140
"Geflügelmortadella gekocht";1018;980;1579;201;8529;2571;940;181;471;874;1235;1395;432;7524;641;740;60;676;720;195;545;840
"Studentenfutter mit Erdnüssen";456;1866;1559;220;7471;2958;743;73;361;625;1009;551;158;7254;758;724;24;814;429;170;560;764
"Corned Beef";1345;1411;2062;239;11761;3472;955;140;738;1128;1758;1885;543;9505;890;890;47;781;955;239;738;1237
"Brötchen-Roggenmischbrötchen";249;253;384;123;2363;1689;266;44;125;234;401;190;87;3516;270;645;15;283;199;59;145;277
"Pfefferminztee (Getränk)";0;0;0;0;0;0;0;0;0;0;0;0;0;0;0;0;0;0;0;0;0;0
"Erbsen grün Konserve";177;412;427;47;1997;626;164;99;91;186;267;259;43;1718;173;151;33;173;168;39;117;195
"Makrele roh Fischzuschnitt";1880;1160;2120;230;11420;3170;1410;145;840;1090;1800;1730;640;10270;840;790;48;900;970;270;640;1210
"Kürbiscremesuppe (Zubereitung Haushalt)";101;144;231;28;1416;574;79;4;65;147;245;172;59;1349;132;225;1;139;106;34;117;167
"Linsen-Eintopf (Zubereitung Gastronomie)";341;454;719;68;3334;1082;279;50;184;313;487;504;114;2974;291;272;17;281;273;71;214;361
"Hafer Schrot";561;760;959;292;5564;2618;585;102;257;526;877;421;175;5951;620;643;34;585;397;140;421;678
"Chilischote rot frisch";72;68;257;32;612;245;65;10;27;59;83;77;16;792;68;72;3;81;63;18;36;65
"Saure Sahne";102;102;229;25;1607;629;65;0;74;177;293;220;71;1477;143;291;0;161;127;40;143;192
"Papaya gegart";32;22;112;0;247;75;42;17;11;18;38;56;5;318;22;22;6;35;24;18;11;22
"Thunfisch Konserve in Öl, abgetropft";1231;1088;2257;266;10670;2975;862;148;1005;944;1477;1684;554;8822;698;677;49;820;882;206;820;1046
"Joghurt mit Magermilch angereichert teilentrahmt";142;146;323;39;2270;761;90;0;108;254;403;305;103;2008;202;460;0;232;181;60;202;267
"Zwiebelwurst";680;745;1138;164;6659;1799;635;110;423;581;960;1073;300;5459;575;626;37;581;565;152;435;686
"Johannisbeere schwarz Konfitüre";22;27;70;5;155;74;19;6;12;10;22;12;7;221;14;17;2;19;14;5;10;17
"Pökelwaren Pökelfleisch";1028;1078;1576;182;8988;2654;730;89;564;862;1343;1443;415;7265;680;680;30;597;730;182;564;945
"Pfälzer Saumagen";909;990;1601;200;8533;2824;857;126;553;767;1164;1398;410;7656;675;748;42;717;730;188;599;859
"Roggenfladenbrot";275;268;449;110;2428;1563;295;55;132;236;395;222;87;3471;264;614;18;275;217;61;146;290
"Spitzpaprika grün";47;44;166;21;399;159;42;10;18;39;54;50;11;514;44;47;3;53;41;12;23;42
"Fleischwurst Pariser";717;771;1201;157;6693;2089;679;134;443;600;913;1109;326;5833;522;587;45;560;574;144;469;665
"Kalbsleberwurst grob";813;862;1348;187;7709;2222;753;110;513;679;1088;1259;368;6476;634;695;37;645;651;169;509;790
"Erdnuss roh";810;3460;3310;430;14620;5630;1640;74;710;1230;2030;1100;310;14650;1540;1430;25;1830;850;320;1190;1450
"Apfelmus (Zubereitung Haushalt)";12;7;73;1;73;19;8;11;4;8;12;11;2;129;7;8;4;9;6;2;4;9
"Buchweizenbrot";256;307;366;161;2762;2009;276;54;136;276;480;204;106;3970;319;711;18;352;213;73;172;315
"Heidelbeere tiefgefroren";26;32;49;6;201;79;26;21;9;20;38;11;10;222;23;23;7;19;17;2;7;26
"Schwein Schinken roh geräuchert (Lachsschinken)";1006;1079;1682;219;9380;2925;951;127;622;841;1280;1553;457;8174;731;823;42;787;804;202;659;933
"Graubrot-Roggenbrot mit Käse";286;283;479;110;2714;1659;298;54;144;264;448;267;100;3696;290;671;18;303;239;68;176;325
"Blumenkohl tiefgefroren";177;132;374;37;1277;443;119;56;59;132;204;168;58;1436;93;146;19;177;132;40;42;180
"Dinkelbrötchen";383;550;594;222;4398;2780;439;102;235;412;689;353;174;5621;483;932;34;493;353;118;331;478
"Cocktailtomaten";26;18;121;1;209;337;18;11;13;23;30;29;7;546;24;16;4;28;23;6;12;23
"Käsespätzle (Zubereitung Haushalt)";295;351;506;127;3911;1755;216;13;181;416;656;396;178;3939;400;707;4;460;315;98;301;492
"Knäckebrot-Roggenbrot";438;426;715;175;3862;2489;469;88;210;376;629;353;138;5526;420;977;29;438;345;97;232;461
"Gurkensalat mit Joghurt (Zubereitung Haushalt)";40;56;83;9;540;257;31;6;25;58;89;73;22;554;46;90;2;53;44;13;43;62
"Müsli-Riegel";314;710;577;107;3206;1445;371;43;130;327;446;213;78;3470;295;384;14;379;199;86;217;398
"Schwein Rückenspeck";259;277;432;56;2411;752;244;0;160;216;329;399;118;2101;188;212;0;202;207;52;169;240
"Reisdrink";30,5;29,9;48,8;6,1;247,6;99,4;23,2;0;7,9;23,8;43,3;19,5;9,1;252,4;25,6;25,6;0;25;20,1;4,9;23,2;34,1
"Rostbratwurst";908;974;1519;198;8465;2642;859;106;560;759;1156;1404;412;7380;660;743;35;709;726;181;593;842
"Traubenzucker";0;0;0;0;0;0;0;0;0;0;0;0;0;0;0;0;0;0;0;0;0;0
"Mungobohnen reif";855;1317;2564;116;10417;3165;762;222;670;855;1617;1916;185;9218;1178;832;74;1040;762;277;554;970
"Laugengebäck";292;330;400;205;3496;3173;348;39;172;357;672;181;133;5842;452;1140;13;489;257;93;248;396
"Rind Mark";93;98;143;17;812;240;66;0;51;78;122;126;38;658;62;62;0;54;66;17;51;86
"Erdbeerkonfitüre";16;13;68;3;100;45;12;9;6;7;16;12;0;163;9;10;3;12;10;5;10;9
"Brathähnchen Brustfilet gekocht";1348;1573;2246;324;13028;3744;1223;171;749;1298;1872;2172;648;10684;999;1124;57;999;1048;275;873;1197
"Tiroler";1322;1412;2165;275;12134;3742;1172;169;793;1105;1694;1994;583;10398;940;1031;56;966;1028;258;829;1223
"Tomatensoße aus frischen Tomaten (Zubereitung Haushalt)";26;27;59;14;289;271;27;5;14;30;51;25;10;494;34;73;2;38;24;8;20;32
"Rind Milz frisch";932;1025;1622;224;9599;2144;1193;445;466;932;1621;1491;354;7550;839;764;148;895;839;205;522;1081
"Auberginenscheiben gebraten (Zubereitung Haushalt)";71;74;193;16;636;354;61;20;32;70;106;60;17;851;71;104;7;68;53;15;50;72
"Getreideerzeugnisse Frühstückscerealien";498;649;780;179;4533;2395;493;105;210;441;745;356;148;5572;491;871;35;535;336;113;334;531
"Krakauer";916;972;1464;180;8249;2501;748;92;530;767;1183;1345;390;6914;632;671;31;614;687;172;545;846
"Grünkohl tiefgefroren";213;260;354;52;1880;424;170;33;90;156;279;236;57;1515;160;198;11;156;156;57;141;236
"Aubergine frisch";61;60;186;6;489;210;47;20;25;56;77;53;11;602;52;51;7;47;43;11;40;55
"Porree frisch";90;114;170;13;753;340;74;40;36;67;112;112;25;815;63;67;13;74;74;16;38;83
"Kidney-Bohnen Konserve gegart abgetropft";247;345;726;49;2804;883;230;37;169;247;453;436;66;2637;314;212;12;339;242;54;151;278
"Grapefruit frisch";20;40;105;2;141;42;10;15;6;10;15;19;3;250;10;47;5;26;11;4;7;14
"Banane";46;54;115;2;492;105;43;25;77;38;84;58;9;398;35;40;8;49;38;18;21;58
"Stachelbeere frisch";36;44;116;8;256;128;32;15;20;16;36;20;12;372;24;28;5;32;24;8;16;28
"Bohne weiß frisch gegart";227;543;861;82;4771;1504;281;77;253;507;768;670;91;3652;498;326;26;453;390;82;344;543
"Hanfsamen";1225,5;2569,3;2557,8;487,4;12585,6;5400,7;1581,8;0;594,3;1094,4;1558,8;1047,3;511,6;13014,4;1272,6;976;0;1272,6;999;451,8;678,3;1320,9
"Rum";0;0;0;0;0;0;0;0;0;0;0;0;0;0;0;0;0;0;0;0;0;0
"Käsekuchen aus Mürbeteig";320;382;595;121;4457;1853;223;12;209;465;758;506;203;4290;438;791;4;508;361;112;353;549
"Gänseleberpastete";966;988;1603;250;9568;2367;913;221;654;800;1405;1546;444;7617;870;933;74;835;793;218;573;1027
"Fleischwurst Konserve";799;856;1330;171;7411;2309;744;93;490;667;1017;1222;360;6442;577;646;31;614;635;159;517;740
"Tomatensalat mit Essigmarinade und Zwiebeln (Zubereitung Haushalt)";29;43;107;10;261;294;27;10;12;22;33;37;7;506;24;21;3;28;25;9;16;23
"Bratwurst (Zubereitung Haushalt)";692;743;1160;152;6456;2015;655;85;427;578;881;1071;315;5629;504;566;28;541;553;138;453;641
"Touristenwurst einfach";1150;1229;1895;242;10602;3276;1037;136;696;962;1472;1749;511;9119;822;906;45;855;900;225;729;1065
"Buchweizen";435;717;816;181;4118;1541;590;150;190;336;535;499;154;4226;345;381;50;463;354;127;181;499
"Weizen Mehl Type 550";350;400;460;240;4270;3830;460;40;210;430;810;220;170;7090;540;1410;13;580;320;120;330;480
"Thunfisch Konserve abgetropft";1301;1150;2386;282;11280;3145;911;148;1062;998;1561;1780;586;9325;738;715;49;867;933;217;867;1106
"Weißbrot-Weizenbrot";229;255;321;153;2666;2298;263;42;131;273;498;157;101;4305;337;827;14;367;201;70;187;303
"Rind Rücken (Roastbeef) (mager) frisch gegart";1933;2026;2962;343;16899;4988;1372;153;1060;1621;2525;2714;779;13655;1278;1278;51;1122;1372;343;1060;1778
"Heidelbeere frisch";25;31;47;6;194;74;25;20;9;19;36;11;10;211;22;22;7;18;16;2;7;25
"Mischgemüse gedünstet (Zubereitung Großküche)";100;169;233;27;976;389;84;44;46;95;136;121;25;1002;88;101;15;95;83;22;59;105
"Rote Bete frisch";35;31;110;17;467;398;31;20;18;38;61;80;28;650;46;38;7;38;44;12;54;38
"Kapstachelbeere frisch";104;81;207;12;727;226;81;15;35;69;115;115;23;791;58;81;5;92;69;23;46;81
"Grünkern";377;484;527;215;4218;3259;495;125;204;420;721;291;161;6434;495;1227;42;549;312;108;323;484
"Weiße Lyoner";995;1069;1665;218;9278;2896;940;131;614;832;1266;1536;451;8087;724;814;44;777;796;199;650;923
"Weiße Bohnen in Tomatensoße (Zubereitung Haushalt)";92;211;340;35;1854;649;113;31;98;196;301;255;36;1514;195;141;10;179;151;33;133;210
"Erdnuss geröstet";810;3460;3310;430;14620;5630;1640;71;710;1230;2030;1100;310;14650;1540;1430;24;1830;850;320;1190;1450
"Brötchen-Roggenbrötchen";291;283;475;116;2566;1652;312;58;140;249;418;235;92;3670;279;649;19;291;229;64;154;307
"Endivien frisch";75;84;193;12;766;214;70;11;28;114;117;88;21;704;79;91;4;61;67;19;49;88
"Thüringer Rotwurst Konserve";1350;1416;2227;293;12456;3831;1270;195;842;1084;1736;2047;592;10852;999;1124;65;1050;1061;268;852;1266
"Leinöl";0;0;0;0;0;0;0;0;0;0;0;0;0;0;0;0;0;0;0;0;0;0
"Basmatireis ungekocht";569;649;888;125;4345;1797;466;87;193;387;750;331;193;4663;443;477;29;466;318;103;296;557
"Leberwurst grob";940;992;1569;224;9025;2546;890;148;607;783;1275;1476;430;7548;758;833;49;770;761;199;590;930
"Rote Bete Gemüsesaft";31;28;97;15;416;345;28;21;16;34;54;71;25;569;41;34;7;34;39;11;48;34
"Kolbacz";854;917;1432;186;7957;2486;806;106;527;713;1086;1317;388;6944;621;699;35;667;682;171;557;792
"Hefezopf aus Hefeteig fettarm";284;351;444;148;3285;1889;253;37;144;339;553;261;141;3981;369;692;12;419;261;83;231;404
"Johannisbeere schwarz frisch";59;72;189;13;419;203;52;15;33;26;59;33;20;601;39;46;5;52;39;13;26;46
"Fischstäbchen (Zubereitung Haushalt)";848;823;1295;169;7156;2355;605;109;353;671;1095;1158;350;6472;567;692;36;677;612;145;464;749
"Eisbergsalat frisch";43;48;110;7;438;122;40;11;16;65;68;50;12;402;45;52;4;35;38;11;28;50
"Geflügelsalami fettarm";1753;1918;2874;342;15690;4734;1605;168;1095;1521;2307;2633;813;13695;1126;1435;56;1294;1311;308;675;1641
"Gesülzter Hackbraten";1123;1133;1581;185;8776;2688;1281;91;531;806;1246;1412;407;8369;686;986;30;710;731;175;549;915
"Pizza margherita (Zubereitung Gastronomie)";257;294;413;146;3277;2459;276;47;173;320;591;288;131;4721;383;894;16;422;243;87;253;368
"Graubrot-Weizenmischbrot mit Sauermilch";280;297;412;162;2972;2183;287;48;151;305;524;227;114;4345;345;815;16;368;235;76;195;341
"Preiselbeere Konfitüre";5;8;10;3;62;16;6;5;3;4;11;4;2;46;7;4;2;5;4;2;8;6
"Tomatensuppe (Zubereitung Haushalt)";40;33;70;9;272;224;51;6;15;25;42;32;9;480;29;61;2;34;26;6;16;30
"Gerste Graupen";425;483;560;135;4111;2363;367;100;174;386;666;328;154;5346;502;1148;33;483;328;135;357;463
"Kräutertee (Getränk)";0;0;0;0;0;0;0;0;0;0;0;0;0;0;0;0;0;0;0;0;0;0
"Kalb Muskelfleisch";1321;1385;2024;234;11544;3408;937;158;724;1108;1725;1853;533;9330;873;873;53;767;937;234;724;1214
"Vollkornmehl";399;513;559;228;4471;3459;525;82;217;445;764;308;171;6825;525;1301;27;582;331;114;342;513
"Grünkern Schrot";377;484;527;215;4218;3259;495;125;204;420;721;291;161;6434;495;1227;42;549;312;108;323;484
"Oliven schwarz";103;222;213;42;1104;462;114;30;62;101;147;81;46;1085;99;92;10;101;79;33;73;119
"Geflügelwiener Würstchen erwärmt";1216;1367;2020;230;10831;3340;1103;106;747;1069;1623;1849;558;9582;780;1005;35;898;877;201;376;1154
"Jagdwurst (Süddeutsche und Norddeutsche)";926;994;1550;202;8630;2694;875;119;572;774;1178;1428;420;7526;673;758;40;723;740;186;605;858
"Margarine";6;7;14;2;106;40;4;0;5;11;18;15;5;92;9;18;0;10;9;3;9;13
"Sauerkraut Konserve abgetropft";55;104;118;17;521;286;35;20;28;42;71;63;14;830;42;260;7;76;46;14;25;55
"Grünkohl frisch gegart";154;188;256;37;1357;307;123;26;65;112;203;170;41;1095;116;143;9;112;112;41;102;170
"Französische Schweinefleisch-Terrine";959;1026;1605;207;8918;2783;906;107;588;802;1218;1473;432;7794;698;792;36;749;766;193;625;890
"Cabanossi";867;923;1413;177;7905;2425;751;83;514;725;1112;1297;378;6736;610;662;28;618;666;167;535;801
"Couscous gekocht";175;225;244;101;1950;1501;230;9;97;193;331;133;74;2969;230;566;3;253;143;51;147;225
"Butterkäse";586;716;1345;87;11285;4535;347;10;521;1107;2040;1628;499;10306;1063;2365;3;1128;890;282;1085;1367
"Rind Fett";50;52;76;9;433;128;35;0;27;42;65;68;20;351;33;33;0;29;35;9;27;46
"Orange, Apfelsine";53;69;121;11;340;100;100;20;19;27;24;50;21;457;33;49;7;34;16;10;17;43
"Sojaeiweiß texturiert (""Sojafleisch"")";2829;5244;7590;1104;33396;13248;2829;360;1587;3105;4968;4278;897;33879;3105;3864;120;3519;2691;759;2415;3243
"Wollwurst, Geschwollene";671;721;1125;147;6261;1954;635;80;414;561;854;1038;305;5459;489;549;27;525;537;134;439;622
"Lachs frisch";1178;1104;1803;184;9550;2613;791;170;478;883;1435;1695;478;7930;699;699;57;846;828;184;607;975
"Bierschinken Konserve";1004;1078;1680;219;9360;2921;949;135;620;839;1277;1551;456;8159;730;821;45;784;803;200;656;931
"Bauernleberwurst";938;985;1566;222;8988;2547;887;148;604;783;1269;1472;429;7532;752;827;49;767;760;198;589;925
"Fleischkäse im Teigmantel";800;861;1323;195;7564;2619;750;94;484;690;1064;1185;361;6927;619;774;31;661;641;166;528;770
"Bratwurst geräuchert";1135;1221;1900;248;10594;3307;1075;136;701;950;1446;1751;516;9234;827;930;45;887;909;228;744;1053
"Milchschokolade Vollmilch-Nuß";294;399;640;96;3844;1509;238;13;165;393;635;455;155;3727;347;621;4;425;309;108;310;472
"Basmatireis gekocht";208;238;324;46;1592;658;170;33;71;141;274;121;71;1705;163;175;11;170;116;38;109;204
"Vollkornteigwaren";469;603;657;268;5254;4059;616;80;255;523;898;362;201;8012;616;1528;27;683;389;134;402;603
"Brie";454;554;1042;84;8735;3511;269;10;437;974;1596;1193;386;7981;773;1831;3;874;689;218;773;1058
"Pistazie geröstet und gesalzen";773;1630;1615;333;8772;3721;825;0;386;737;1264;930;298;8689;895;720;0;1035;509;175;544;1071
"Magerquark";365;446;837;68;7018;2822;216;0;392;729;1277;1013;311;6414;621;1472;0;702;554;176;621;810
"Pistazie geröstet";788;1663;1647;340;8949;3795;841;0;394;752;1289;949;304;8861;913;734;0;1056;519;179;555;1092
"Milchspeiseeis Vanille";76;76;169;18;1184;464;48;0;55;130;214;162;53;1091;105;215;0;119;94;30;105;142
"Rindergulasch ""deutsche Art"" (Zubereitung Haushalt)";454;515;723;86;4050;1248;331;45;245;383;598;639;183;3360;310;325;15;279;322;87;261;421
"Zwiebelleberwurst einfach";740;724;1110;133;6113;1712;904;131;362;525;948;944;275;5745;506;713;44;566;538;133;400;625
"Spinat tiefgefroren gegart";157;165;265;35;1497;348;142;74;65;142;235;192;52;1156;147;126;25;118;133;45;118;168
"Waldpilze";106;106;97;85;981;146;57;50;42;74;136;106;21;585;74;116;17;63;127;30;95;85
"Rind Steak (mager) frisch gegart";1933;2026;2962;343;16899;4988;1372;153;1060;1621;2525;2714;779;13655;1278;1278;51;1122;1372;343;1060;1778
"Leberwurst Aachener Frankfurter";796;833;1327;192;7676;2119;751;128;516;663;1093;1255;364;6366;653;715;43;658;646;170;494;797
"Kidney-Bohnen";1006;1400;2946;197;11395;3585;933;147;688;1007;1842;1768;270;10705;1276;860;49;1375;982;221;614;1130
"Milchspeiseeis";76;76;169;18;1184;464;48;0;55;130;214;162;53;1091;105;215;0;119;94;30;105;142
"Dinkelvollkornbrötchen";399;594;594;277;4819;3154;450;111;269;436;746;364;187;6148;535;1024;37;527;393;133;376;509
"Grahambrötchen";249;280;347;162;2863;2425;288;47;141;293;530;174;108;4576;358;876;16;391;215;75;202;325
"Sojabohnen reif frisch gegart";645;1085;1777;252;7768;2878;629;81;362;739;1224;881;252;7564;849;833;27;802;645;189;535;755
"Schokoladenpudding mit Vanillesoße (Zubereitung Großküche)";104;109;227;27;1528;598;69;1;69;164;275;202;67;1427;137;272;0;157;121;40;133;184
"Kaffee mit Milch und Zucker (Getränk)";9;5;17;5;95;61;10;0;6;10;19;9;2;121;11;17;0;7;6;1;9;12
"Maultaschen ""schwäbisch"" (Zubereitung Haushalt)";418;463;668;138;4145;1601;343;42;216;406;630;508;191;3957;390;511;14;416;343;97;285;478
"Teigwaren aus Hartgrieß";375;438;525;275;4614;4260;463;60;225;475;875;238;175;7798;600;1525;20;650;338;125;325;525
"Leberwurst fein";811;848;1351;200;7877;2126;767;140;532;675;1127;1285;371;6473;681;740;47;678;661;176;499;822
"Margarine halbfett Linolsäure <30%";51;54;115;13;839;317;30;0;40;91;149;120;37;742;72;147;0;82;69;21;72;101
"Semmelbrösel";354;455;495;202;3962;3057;465;60;192;394;677;273;152;6037;465;1151;20;515;293;101;303;455
"Linsen gekeimt frisch";351;612;1440;333;4446;1269;315;12;252;324;630;711;99;4194;441;351;4;468;324;72;252;396
"Tahini aus rohem Sesam";837;2244;1514;338;9243;3651;908;80;463;677;1247;516;534;8478;837;695;27;873;677;249;588;873
"Edelkastanien (Marone) gegart";201;211;520;32;1435;388;155;0;84;118;177;158;42;1574;116;158;0;152;148;32;148;169
"Gemüsepaprika grün frisch";47;44;166;21;399;159;42;10;18;39;54;50;11;514;44;47;3;53;41;12;23;42
"Vollkornbrötchen mit Sonnenblumenkernen";315;435;477;170;3477;2504;412;67;169;347;578;247;133;5044;397;903;22;433;260;90;254;397
"Wurstkuchen mit Mürbeteig";698;777;1194;197;7768;2953;600;61;451;763;1192;1076;363;7272;685;1068;20;759;644;180;578;862
"Meerrettich frisch";207;157;272;39;1397;308;151;30;56;132;234;160;34;1193;143;132;10;123;120;42;101;179
"Pommes frites mit Mayonnaise";92;126;338;25;1012;366;79;15;37;99;141;137;37;1059;98;85;5;99;84;32;71;125
"Vollkornbrot-Weizen, Roggenvollkornschrottoastbrot";336;363;522;146;3350;2176;377;76;171;332;558;297;125;4655;367;844;25;400;276;84;238;393
"Heidelbeere Konfitüre";9;11;17;2;71;28;9;7;3;7;13;4;4;78;8;8;2;7;6;1;3;9
"Linsensuppe (Zubereitung Haushalt)";252;343;548;54;2554;838;237;42;146;232;360;394;87;2337;228;223;14;239;215;53;172;270
"Gorgonzola";524;640;1203;78;10087;4055;310;10;466;989;1823;1455;446;9216;951;2115;3;1009;795;252;970;1222
"Miso";536;609;1166;137;4833;1864;462;60;263;494;798;578;126;5404;483;756;20;620;368;95;399;483
"Brühwurst mit Fleischeinlage (nicht umgerötet)";1003;1066;1604;197;9122;2662;850;163;566;858;1349;1471;417;7538;711;731;54;688;761;190;584;952
"Geflügelmortadella fettarm";797;767;1236;157;6678;2013;736;136;369;684;967;1092;338;5890;502;579;45;529;564;153;427;658
"Schweinebauch in Aspik";1067;1068;1465;159;8195;2474;1100;102;494;771;1208;1321;371;7556;626;864;34;586;664;160;489;864
"Linsen reif Konserve";251;461;672;53;2876;965;240;50;140;263;421;409;47;2678;292;246;17;304;234;53;187;316
"Trüffelmosaikpastete";894;921;1462;190;8124;2520;837;104;557;696;1145;1326;380;7140;656;742;35;685;691;174;553;835
"Frikadelle (Zubereitung Großküche)";1188;1273;1886;249;10791;3361;949;126;674;1014;1565;1701;507;9130;848;918;42;828;894;228;712;1126
"Mais";641;350;529;128;3980;1615;307;60;231;307;1068;222;162;4270;410;760;20;418;307;60;325;410
"Dosenschinken";1071;1150;1792;233;9992;3115;1013;138;662;896;1362;1657;487;8705;779;876;46;838;858;215;701;992
"Champignonpastete";977;1049;1620;211;9057;2812;916;128;600;811;1237;1499;437;7888;708;804;43;759;776;194;633;902
"Kichererbsen";336;625;914;94;3962;1249;312;150;211;437;586;531;86;3538;375;328;50;399;305;71;274;367
"Sardine Konserve in Öl, abgetropft";1703;1330;2469;240;12370;3234;1320;480;530;1120;1910;2240;740;10800;890;904;160;1170;1130;210;730;1300
"Eierpastete";923;1006;1548;219;8716;2635;840;103;547;792;1201;1369;424;7459;704;744;34;769;746;190;609;909
"Pflaumen frisch";22;10;189;3;113;28;9;20;10;12;16;13;5;289;13;26;7;15;12;0;5;14
"Gurke";20;41;35;3;190;172;21;8;8;18;25;26;5;278;14;13;3;17;16;4;10;20
"Landjäger Würste";881;938;1420;176;7991;2440;743;77;517;737;1134;1307;380;6757;614;661;26;612;670;168;536;814
"Rotkohl Konserve gegart";50;95;108;16;478;260;32;42;26;38;66;58;13;757;38;238;14;69;42;13;23;50
"Buschbohnen grün frisch";105;100;287;24;996;256;91;42;53;96;151;136;31;964;91;96;14;129;91;29;67;127
"Plockwurst";1500;1591;2393;294;13507;4097;1225;162;869;1256;1938;2198;639;11321;1036;1100;54;1006;1126;281;894;1385
"Rote Rübe frisch";35;31;110;17;467;398;31;20;18;38;61;80;28;650;46;38;7;38;44;12;54;38
"Putenschnitzel ""italienische Art"" (Zubereitung Gastronomie)";991;1158;1662;254;9917;3051;887;83;555;996;1457;1576;488;8380;788;975;28;814;799;214;681;951
"Leinsamen geschrotet";1078;2261;2251;429;11075;4752;1392;0;524;963;1371;921;450;11451;1120;858;0;1120;880;397;597;1162
"Lebkuchenteigbackwaren";391;891;867;154;4382;1807;406;17;193;390;627;315;151;4290;468;409;6;410;303;86;283;521
"Champignonpastete mit Mürbeteig";593;645;972;147;5628;2015;563;78;362;514;791;878;266;5255;464;612;26;500;477;123;394;567
"Schweinegrillschnitten                   ";1157;1245;1938;252;10778;3370;1093;157;712;967;1474;1780;523;9408;840;947;52;903;925;232;755;1073
"Schwein Filet (mager) frisch";1210;1298;2024;264;11286;3520;1144;150;748;1012;1540;1870;550;9834;880;990;50;946;968;242;792;1122
"Filetblutwurst";1275;1290;2058;267;11466;3542;1188;83;798;961;1637;1866;529;10100;938;1066;28;971;971;244;770;1195
"Hanfnussöl";0;0;0;0;0;0;0;0;0;0;0;0;0;0;0;0;0;0;0;0;0;0
"Apfel-Streuselkuchen aus Mürbeteig fettreich";70;77;153;38;792;529;67;15;36;82;139;60;33;1112;93;188;5;105;61;21;56;96
"Hühnerei Vollei";710;826;1200;284;7520;1548;400;5;258;787;1082;735;387;5251;748;477;2;916;658;181;529;1045
"Sardine Konserve abgetropft";1352;1107;1961;186;10560;2568;1048;341;389;1005;1580;1925;541;8576;770;718;114;929;946;202;684;1225
"Cervelatwurst";1142;1219;1865;236;10462;3219;1004;133;682;955;1465;1719;502;8942;809;885;44;827;885;221;713;1056
"Kalbfleischwurst";788;835;1253;152;7078;2143;637;85;455;659;1018;1153;334;5917;542;573;28;523;588;148;467;727
"Hirse roh";1147;317;548;128;4340;1917;282;62;163;471;1155;240;214;6265;394;933;21;1438;359;154;223;522
"Eisbergsalat";43;48;110;7;438;122;40;11;16;65;68;50;12;402;45;52;4;35;38;11;28;50
"Petersilienblatt frisch";301;177;470;18;2007;390;204;40;97;204;296;275;27;1980;239;425;13;190;182;71;124;297
"Mandelmus";603;1795;1508;241;7087;3681;799;40;347;573;1010;407;181;7918;784;769;13;558;422;121;437;769
"Paranuss";489;1903;1087;394;7393;2691;584;22;313;503;965;381;815;6129;516;666;7;612;367;149;394;693
"Zander tiefgefroren";1229;1152;1882;192;9964;2726;826;110;499;922;1498;1764;499;8276;730;730;37;883;864;192;634;1018
"Brie Vollfettstufe";567;693;1302;105;10920;4389;336;10;546;1218;1995;1491;483;9975;966;2289;3;1092;861;273;966;1323
"Erdnussbutter, -mus";1018;3184;3158;287;12293;5481;1592;70;653;887;1775;887;235;13676;1305;1122;23;1305;653;261;1096;1070
"Fenchel";92;74;184;18;667;276;51;0;28;74;111;92;22;732;55;74;0;55;64;18;37;74
"Lamm Leber roh";1142;1142;1889;307;11463;2657;1076;210;791;944;1713;1845;527;8916;1076;1142;70;1010;944;264;658;1252
"Quark";365;446;837;68;7018;2822;216;0;392;729;1277;1013;311;6414;621;1472;0;702;554;176;621;810
"Apfelkuchen aus Rührmasse";149;168;276;71;1633;731;114;15;66;170;262;140;75;1733;177;255;5;208;135;41;116;212
"Kuhmilch Trinkmilch fettarm";112;112;252;27;1761;690;71;0;82;194;321;241;78;1622;156;320;0;177;139;44;156;211
"Puderzucker";0;0;0;0;0;0;0;0;0;0;0;0;0;0;0;0;0;0;0;0;0;0
"Brathähnchen Schenkel roh";1310;1270;2070;270;11110;3380;1280;110;560;1170;1620;1860;580;9840;830;960;37;840;920;260;700;1070
"Pökelwaren Eisbein";947;1017;1584;207;8835;2756;895;101;586;793;1206;1459;431;7697;689;775;34;740;758;189;621;879
"Granatapfel frisch";32;25;63;4;223;66;25;15;11;21;35;35;7;239;18;25;5;28;21;7;14;25
"Dinkelbrot (Vollkornbrot)";396;570;615;231;4555;2878;454;106;244;427;713;365;180;5817;500;964;35;510;365;122;343;495
"Distelöl (Safloröl)";0;0;0;0;0;0;0;0;0;0;0;0;0;0;0;0;0;0;0;0;0;0
"Pute frisch";1112;1298;1854;268;10754;3090;1009;170;618;1071;1545;1792;536;8816;824;927;57;824;865;227;721;989
"Chinakohl frisch gegart";65;68;82;10;472;273;31;26;20;64;66;59;11;510;37;23;9;36;42;13;28;54
"Bleichsellerie Gemüsesaft";58;42;94;11;481;104;53;72;21;42;75;63;16;398;53;47;24;42;47;16;32;63
"Zwetschge Konfitüre";8;4;69;1;42;10;3;7;4;4;6;5;2;106;5;10;2;6;4;0;2;5
"Hering frisch Fischzuschnitt";1310;1037;1820;182;9519;2275;1001;210;491;892;1456;1639;528;7771;728;637;70;728;746;182;637;1001
"Erbsen grün tiefgefroren gegart";286;659;687;76;3209;1008;264;177;146;299;431;417;70;2766;278;243;59;278;270;62;188;313
"Milchreis (Zubereitung Gastronomie)";167;164;320;36;2000;790;115;17;83;211;362;235;84;1906;187;312;6;202;159;47;180;252
"Reisbrot";287;304;401;157;2945;2095;270;54;136;300;535;198;113;4154;346;736;18;365;225;72;212;347
"Weizenkeimöl";0;0;0;0;0;0;0;0;0;0;0;0;0;0;0;0;0;0;0;0;0;0
"Pinienkern";1224;4488;2112;408;13176;3960;1176;0;528;888;1680;864;384;10704;888;1248;0;984;720;288;840;1200
"Dattel frisch";102;68;128;46;620;216;96;15;30;48;90;60;22;718;56;108;5;68;52;50;30;68
"Hirse Korn geschält roh";1340;370;640;150;5070;2240;330;62;190;550;1350;280;250;7320;460;1090;21;1680;420;180;260;610
"Edelkastanien (Maronen) geröstet";180;188;464;28;1278;347;139;0;76;106;158;141;37;1406;104;141;0;135;131;28;131;150
"Tee grün (Getränk)";7;7;22;7;21;36;7;0;0;0;0;0;0;79;0;0;0;7;0;7;0;0
"Schlackwurst";938;1000;1522;190;8551;2618;806;95;555;786;1206;1402;408;7261;659;713;32;664;720;180;577;868
"Brathähnchen Brustfilet gebraten (zubereitet ohne Fett)";1522;1775;2535;366;14704;4227;1381;194;846;1465;2113;2451;732;12060;1127;1268;65;1127;1183;310;985;1351
"Graubrot-Roggenmischbrot mit Sonnenblumenkernen";268;319;442;130;2607;1747;301;47;137;260;429;206;96;3685;290;628;16;299;215;67;156;302
"Wassermelone roh";24;84;56;3;357;90;15;20;9;28;25;89;9;243;21;34;7;24;39;10;16;24
"Knäckebrot-Roggenmischbrot mit Leinsamen";440;529;707;207;4213;2749;481;71;213;410;680;336;158;5853;469;987;24;489;352;114;254;491
"Rind Niere frisch";816;942;1382;220;8227;1931;926;270;393;738;1364;1178;314;6688;738;879;90;754;691;204;534;911
"Porree frisch gegart";91;115;171;13;757;344;74;45;36;67;113;113;25;821;63;67;15;74;74;16;38;84
"Kartoffeln ungeschält roh";83;116;336;21;927;359;74;16;33;90;127;127;33;1014;93;79;5;83;76;30;65;116
"Haselnuss geröstet";697;2069;1496;295;7235;3498;687;0;372;524;1002;428;191;7550;647;524;0;648;438;191;391;687
"Dattel";102;68;128;46;620;216;96;15;30;48;90;60;22;718;56;108;5;68;52;50;30;68
"Kümmelwurst Rohwurst";866;924;1412;178;7922;2434;756;96;516;725;1112;1299;380;6758;612;667;32;623;669;167;538;802
"Thüringer Rotwurst";1123;1168;1845;243;10324;3169;1054;165;702;892;1447;1694;488;9000;832;938;55;871;878;222;703;1055
"Mandeldrink ungesüßt";16,7;47,5;41,2;6,6;182;101,8;21,9;0,8;9;15,1;25,1;10,6;4,7;218;19,6;20,9;0,3;15,5;10,7;2,9;10,8;19,5
"Reis Kleie";798;771;1264;160;6464;2592;599;169;213;625;1144;505;239;6570;665;665;56;652;519;133;599;891
"Kartoffelsuppe (Zubereitung Haushalt)";33;43;106;12;368;197;31;6;15;36;56;42;13;461;40;56;2;38;29;12;26;44
"Buchweizenvollkornbrot";276;382;429;141;2914;1891;362;73;140;276;463;248;110;3993;313;672;24;363;227;78;196;340
"Burgunder Schinken in Aspik";1399;1458;2196;275;12129;3814;1527;174;789;1081;1652;2012;584;11202;948;1233;58;1033;1037;255;829;1209
"Sesam geröstet";1032;2010;1251;237;10028;3407;1351;56;447;849;1407;585;585;8977;1141;1032;19;904;831;265;658;1013
"Zungenpreßkopf";712;810;1218;159;6792;2099;709;143;402;609;990;1120;314;5929;535;633;48;558;577;151;444;681
"Preßköpfe";992;1064;1659;216;9241;2885;937;151;612;828;1261;1531;450;8059;721;811;50;775;793;198;648;919
"Kasseler Kamm roh geräuchert";1540;1390;2280;300;12810;4120;1380;109;910;1150;1910;2170;570;11340;920;1070;36;950;1050;270;880;1290
"Glühwein";3;7;4;1;35;17;2;0;1;2;2;4;1;40;2;10;0;4;11;0;1;3
"Walnussöl";0;0;0;0;0;0;0;0;0;0;0;0;0;0;0;0;0;0;0;0;0;0
"Kokosnuss Mehl";1066,8;3169,8;1798,3;396,2;10850,5;4480,4;975,3;0;487,7;701;1341,1;914,4;335,3;10149,5;914,4;792,5;0;1036,3;701;152,4;579,1;1158,2
"Fladenbrote";229;255;321;153;2666;2298;263;42;131;273;498;157;101;4305;337;827;14;367;201;70;187;303
"Graubrot mit Käse";247;255;395;116;2522;1694;255;41;130;249;433;225;95;3552;281;666;14;295;211;63;167;297
"Schinkenpreßkopf";955;1026;1598;209;8905;2779;902;157;590;799;1216;1473;433;7760;694;781;52;745;763;191;625;886
"Graubrot-Roggentoastbrot";336;315;551;121;3015;1719;334;79;162;297;492;307;110;3958;315;681;26;337;271;74;192;359
"Hirse Flocken";1147;317;548;128;4340;1917;282;62;163;471;1155;240;214;6265;394;933;21;1438;359;154;223;522
"Frühstücksfleisch";880;944;1474;192;8189;2559;831;102;542;735;1118;1352;399;7150;639;719;34;687;702;176;575;815
"Moosbeere frisch";18;28;35;9;224;58;22;15;9;16;39;16;8;167;24;15;5;19;16;8;31;20
"Saure Sahne 20 % Fett";92;92;207;22;1451;568;59;0;67;160;264;199;64;1335;129;263;0;146;115;36;129;174
"Olivenpastete";810;879;1357;179;7543;2368;766;104;499;674;1033;1234;366;6599;591;664;35;634;644;163;527;754
"Hühnerei Vollei frisch";710;826;1200;284;7520;1548;400;5;258;787;1082;735;387;5251;748;477;2;916;658;181;529;1045
"Cabanossi (Brühwurst)";800;849;1287;159;7220;2199;664;74;465;669;1031;1176;343;6090;555;593;25;547;603;151;481;738
"Gemüsepaprika rot";52;49;183;23;444;177;47;15;20;43;60;56;12;570;49;52;5;59;46;13;26;47
"Lasagne al forno (Zubereitung Gastronomie)";397;431;668;103;4209;1528;324;44;248;409;654;600;192;3838;368;540;15;381;344;97;297;466
"Straßburger Gänseleberwurst";1048;1078;1745;272;10399;2582;996;234;701;872;1537;1686;480;8291;942;1016;78;904;862;236;618;1115
"Joghurt teilentrahmt";112;116;255;31;1795;602;71;0;85;201;317;241;82;1588;160;364;0;184;143;48;160;211
"Garnele frisch";1280;1564;2031;203;10032;2945;1219;65;305;853;1644;1523;487;9262;772;812;22;975;853;203;711;914
"Brühwurst";835;897;1400;182;7782;2430;789;93;515;698;1062;1286;379;6791;608;684;31;653;667;167;546;775
"Spitzpaprika rot";52;49;183;23;444;177;47;15;20;43;60;56;12;570;49;52;5;59;46;13;26;47
"Zungenwurst hell";865;964;1469;192;8174;2548;842;117;509;732;1157;1346;387;7146;643;741;39;681;695;178;552;819
"Kaffee mit Kondensmilch und Zucker (Getränk)";13;9;25;5;149;78;12;0;9;16;29;17;5;168;15;27;0;13;10;3;13;18
"Rinderbierschinken";1281;1352;2011;241;11398;3419;990;139;727;1073;1662;1846;534;9414;869;901;46;812;940;234;739;1181
"Geflügelfleischkäse gekocht";1690;1898;2802;323;15062;4642;1535;149;1039;1487;2257;2573;777;13316;1085;1397;50;1250;1220;278;520;1605
"Hafer Vollkornflocken";721;794;1178;356;6318;2812;776;100;274;557;1032;457;219;6902;712;767;33;648;484;173;520;740
"Zuckermelone - Honigmelone";62;48;123;6;369;136;48;33;20;40;68;24;14;471;28;48;11;54;40;5;28;48
"Füllung für Spanferkel";723;771;1253;180;7058;1918;686;138;440;611;1046;1135;319;5838;619;652;46;606;590;162;437;748
"Getrüffelte Zungenpastete";689;792;1156;172;6666;2253;682;97;392;598;977;1057;310;6051;541;703;32;568;568;147;441;671
"Gurke frisch";20;41;35;3;190;172;21;8;8;18;25;26;5;278;14;13;3;17;16;4;10;20
"Casein";2690;2690;6031;652;42215;16545;1712;0;1956;4646;7656;5787;1875;38877;3749;7661;0;4238;3342;1060;3749;5053
"Schwein Speck und Schinken";1139;1222;1905;248;10627;3314;1076;146;704;952;1449;1766;518;9257;828;932;49;891;911;228;745;1056
"Makrele geräuchert";1070;1050;1800;180;9710;2570;870;0;790;830;1420;1620;490;7670;720;640;0;720;820;220;580;990
"Zungenblutwurst";1081;1156;1778;230;9906;3025;1063;84;619;822;1519;1603;428;8755;823;986;28;822;828;219;612;1047
"Lupinenmehl";1360,7;4071,4;4070,5;468,7;18716,8;9119,8;1616,3;167;1082,4;1695,6;2880,3;2029,8;267,2;19680,7;1506,8;1550,4;55,7;1963,1;1398,1;303;1427,8;1585,5
"Eiscreme";86;86;191;21;1336;523;54;0;62;148;241;182;59;1230;118;242;0;134;105;35;118;161
"Wurst";1158;1233;1872;233;10528;3216;983;131;683;969;1490;1725;502;8912;811;873;44;810;883;221;707;1071
"Pastinake roh";67;139;131;4;584;123;42;30;21;52;70;78;16;455;45;44;10;48;49;14;26;70
"Olivenöl";0;0;0;0;0;0;0;0;0;0;0;0;0;0;0;0;0;0;0;0;0;0
"Schinken-Käsesülze";867;948;1501;189;9009;2912;760;93;541;832;1317;1418;432;7824;741;987;31;797;760;201;675;955
"Kartoffelstärke Mehl";22;35;82;3;244;92;19;4;15;20;33;33;10;258;5;21;1;22;29;6;25;30
"Mandeldrink gesüßt";16,7;47,4;41,2;6,6;182;101,8;21,9;0,9;9;15,1;25,1;10,5;4,7;218;19,7;20,9;0,3;15,5;10,6;2,9;10,8;19,5
"Füllung für Kalbsbrust";715;773;1139;175;6680;2052;542;54;381;645;983;964;316;5599;557;583;18;568;556;145;444;741
"Blattspinat gegart";149;157;253;33;1428;331;135;71;61;135;227;183;50;1101;140;120;24;113;126;42;113;161
"Erdbeere frisch";43;36;187;7;270;123;33;25;16;18;43;33;1;444;24;26;8;32;26;14;28;24
"Tilsiter";710;868;1631;105;13674;5497;421;10;605;1341;2496;1973;605;12494;1289;2867;3;1368;1078;342;1315;1657
"Wiener Schnitzel (Zubereitung Großküche)";1035;1105;1596;226;9450;3253;772;117;566;918;1442;1402;431;8313;767;942;39;715;762;200;613;1018
"Graupenblutwurst";525;468;746;104;4376;1467;494;84;298;316;752;586;151;4278;444;629;28;417;352;100;268;537
"Schupfnudeln (Zubereitung Haushalt)";212;258;461;94;2354;1023;168;18;90;241;362;223;104;2467;254;323;6;280;194;64;166;304
"Kasseler Rippenspeer roh geräuchert";1048;1042;1660;208;9410;2670;973;115;673;860;1312;1501;493;7942;668;827;38;764;854;208;619;972
"Limette Fruchtsaft";24;24;51;6;127;44;38;18;6;11;10;20;6;189;14;21;6;11;6;2;8;14
"Blumenkohl gedämpft";168;126;356;36;1218;421;113;51;56;126;195;160;54;1365;88;139;17;168;126;39;40;172
"Putenbrust gebraten, mit Soße (Zubereitung Großküche)";556;654;955;134;5355;1632;504;62;306;532;767;887;263;4523;413;461;21;415;433;114;358;494
"Preßsäckel";992;1064;1659;216;9241;2885;937;151;612;828;1261;1531;450;8059;721;811;50;775;793;198;648;919
"Vollkornbrot-Roggenvollkornbrot";302;293;502;114;2593;1663;329;57;142;249;417;242;91;3748;280;664;19;288;236;64;151;314
"Sauermilchkäse (Harzer) Magerstufe";810;990;1860;150;15600;6270;480;19;870;1620;2850;2250;690;14250;1380;3270;6;1560;1230;390;1380;1800
"Mandel süß Mehl";1035;2946;2586;407;11293;6310;1370;42;557;943;1565;621;290;13576;1243;1318;14;957;654;182;664;1221
"Rettich weiß frisch";38;74;79;8;444;231;33;10;25;50;64;49;9;448;40;30;3;37;42;4;21;58
"Pute Brust frisch";1301;1518;2169;313;12580;3615;1181;120;723;1253;1808;2096;627;10315;964;1085;40;964;1012;265;844;1157
"Zwiebeln";53;183;104;33;534;297;79;13;15;22;38;65;14;645;40;58;4;54;23;22;47;32
"Grapefruit Fruchtsaft";18;36;95;2;130;38;9;15;6;9;14;18;3;227;9;43;5;24;10;4;6;13
"Orange Fruchtsaft";49;64;110;10;316;93;93;21;18;25;23;46;20;421;31;45;7;31;15;9;16;39
"Cabanossi Konserve";800;849;1287;159;7220;2199;664;74;465;669;1031;1176;343;6090;555;593;25;547;603;151;481;738
"Puffreis";450;435;713;90;3647;1459;338;96;120;353;645;285;135;3703;375;375;32;368;293;75;338;503
"Kartoffeln ungeschält roh gegart mit Küchenabfall";64;91;262;17;722;280;58;13;25;70;99;99;25;789;72;61;4;64;59;23;51;91
"Blumenkohl gekocht";130;97;275;28;943;326;87;46;44;97;151;124;43;1056;68;108;15;130;97;30;31;133
"Walnuss europäisch";720;1742;1685;202;6380;2980;806;25;288;547;950;302;173;7948;533;864;8;893;418;130;461;634
"Rind Herz frisch";1048;1083;1467;245;9470;2655;961;256;437;874;1572;1485;384;7546;804;611;85;804;804;210;594;978
"Sardelle Konserve";1135;899;1576;158;8245;1971;867;235;426;773;1261;1417;457;6732;631;552;78;631;646;158;552;867
"Hühnerei Eiweiß frisch gegart";616;606;1062;255;6138;1275;361;0;233;606;900;637;404;4429;637;361;0;754;467;160;425;808
"Konfitüre, Marmelade mit Fruchtzucker für Diabetiker";10;8;167;2;81;22;8;5;5;7;11;12;3;229;8;11;2;11;8;3;4;10
"Schinkentorte";931;965;1472;185;8156;2584;1002;106;522;734;1126;1337;385;7562;645;873;35;700;697;177;559;824
"Sülzwürste";1426;1444;2058;253;11383;3598;1795;158;703;1005;1573;1888;531;11204;899;1329;53;998;970;233;745;1139
"Wiener Würstchen Konserve";807;863;1330;170;7438;2300;728;96;488;675;1033;1223;359;6402;577;637;32;600;632;158;512;748
"Fenchelgemüse gedünstet (Zubereitung Haushalt)";148;127;297;29;1356;560;83;17;63;150;232;187;50;1403;115;195;6;120;122;36;91;154
"Skyr";271,3;331,7;622,5;50,2;5227,4;2100,5;160,7;0;291,7;542,6;955;754,3;230,5;4772,6;462,6;1095,3;0;522,2;412,4;130,9;462,6;602,9
"Bierschinken-Pastete";938;1021;1567;224;8878;3008;895;115;577;802;1233;1417;427;8048;716;869;38;771;753;193;622;893
"Parmesan";872;1066;1809;162;16891;6848;485;10;969;1873;3034;2293;743;15247;1486;3553;3;1680;1324;420;1486;2035
"Köhler tiefgefroren gegart";1364;1279;2088;213;11060;3027;917;190;554;1023;1662;1960;554;9186;809;809;63;981;960;213;703;1130
"Rotkohl frisch gegart";55;103;117;16;516;285;35;41;27;41;70;63;14;828;41;260;14;76;47;14;25;55
"Bierschinken, Schinkenpastete";1004;1078;1680;219;9360;2921;949;135;620;839;1277;1551;456;8159;730;821;45;784;803;200;656;931
"Brötchen-Weizenbrötchen";241;269;338;161;2809;2421;277;44;138;288;525;165;106;4535;355;871;15;387;212;74;197;319
"Curry-Bratwurst";671;720;1125;147;6256;1953;634;80;414;561;854;1035;305;5457;489;549;27;525;536;134;439;622
"Ricotta Vollfettstufe";304;372;698;56;5856;2353;180;5;327;608;1069;845;259;5348;518;1227;2;586;462;146;518;676
"Rind Gulasch (mager) frisch gegart";1759;1844;2696;312;15379;4540;1249;155;965;1475;2298;2470;709;12428;1163;1163;52;1021;1249;312;965;1617
"Fleischwurst, Stadtwurst";788;844;1313;169;7308;2277;734;85;483;658;1003;1206;355;6356;569;638;28;606;625;157;510;729
"Mettwurst grob";929;998;1554;202;8667;2705;878;118;574;776;1183;1440;421;7551;675;760;39;725;743;186;607;862
"Schwartenmagen";1222;1238;1754;201;9699;3014;1368;377;606;883;1371;1590;451;9187;748;1062;126;767;809;194;615;993
"Brötchen mit Milch";276;302;417;168;3361;2622;298;43;164;349;626;243;131;5020;403;967;14;440;255;88;246;386
"Pute Truthahn gegart";1460;1704;2433;352;14114;4056;1324;219;811;1406;2028;2350;704;11572;1082;1217;73;1082;1135;298;946;1298
"Frischkäse Doppelrahmstufe";297;363;682;55;5720;2299;176;0;319;594;1045;825;253;5225;506;1199;0;572;451;143;506;660
"Edamer";670;818;1538;99;12895;5183;397;10;570;1265;2357;1860;570;11781;1215;2703;3;1290;1017;322;1240;1562
"Seitan (braun)";539;659;669;412;7929;7937;670;89;431;860;1465;320;342;13612;1073;2763;30;1034;525;214;740;888
"Bismarckhering Konserve, abgetropft";1092;902;1520;159;7988;1978;863;199;415;742;1210;1355;435;6643;614;572;66;618;628;158;531;839
"Tatar (Schabefleisch) frisch";1327;1391;2033;235;11599;3424;942;130;728;1113;1733;1862;535;9373;877;877;43;770;942;235;728;1220
"Moosbeere";18;28;35;9;224;58;22;15;9;16;39;16;8;167;24;15;5;19;16;8;31;20
"Pfälzer, Augsburger, Regensburger";800;849;1287;159;7220;2199;664;74;465;669;1031;1176;343;6090;555;593;25;547;603;151;481;738
"Weißer Fleischkäse";720;773;1205;156;6719;2097;681;85;445;602;917;1116;327;5855;524;590;28;562;576;144;471;668
"Schwein Rücken (Kotelett) (mittelfett) frisch gegart";1581;1694;2643;345;14738;4596;1494;196;977;1321;2011;2441;719;12843;1149;1293;65;1236;1264;317;1034;1466
"Bratkartoffeln (Zubereitung Gastronomie)";72;100;287;18;807;313;63;14;29;79;111;109;29;878;82;70;5;73;66;27;57;100
"Xylit";0;0;0;0;0;0;0;0;0;0;0;0;0;0;0;0;0;0;0;0;0;0
"Suppenhuhn Klein frisch gegart";1262;1473;2104;305;12203;3508;1146;209;702;1215;1754;2030;608;10008;936;1052;70;936;982;257;818;1123
"Brötchen-Weizenmischbrötchen";285;303;410;169;2968;2235;297;52;151;303;522;215;113;4429;351;829;17;373;236;76;190;339
"Pizza tonno (Zubereitung Gastronomie)";229;223;395;89;2202;1362;208;43;137;214;362;239;96;2849;219;413;14;242;177;53;156;237
"Haferflocken";790;870;1290;390;6920;3080;850;100;300;610;1130;500;240;7560;780;840;33;710;530;190;570;810
"Kondensmilch 10 % Fett";290;290;651;70;4559;1786;185;0;211;502;828;625;202;4197;405;827;0;458;361;114;405;546
"Mettwurst schnittfeste Gruppe";841;896;1360;169;7647;2337;715;80;495;704;1082;1254;365;6476;588;635;27;588;642;160;514;778
"Reisnudeln";3440;0;0;0;0;0;0;0;0;0;0;0;0;3440;0;0;0;0;0;0;0;0
"Kalbfleisch-Galantine";1578;1656;2421;280;13801;4115;1125;189;867;1324;2059;2213;638;11207;1045;1047;63;921;1121;280;867;1451
"Kabeljau frisch Fischzuschnitt";1114;1044;1705;174;9031;2471;748;110;452;835;1357;1603;452;7499;661;661;37;800;783;174;574;922
"Spätzle (Zubereitung Gastronomie)";219;254;344;117;2465;1296;183;13;100;256;405;190;112;2812;279;449;4;321;200;63;174;315
"Wildbret-Galantine                     ";1226;1411;2019;268;11445;3568;1128;122;615;1089;1687;1825;557;9951;891;1083;41;927;981;245;770;1106
"Champignon Konserve gegart abgetropft";129;183;119;15;964;182;69;69;51;104;111;160;23;719;69;142;23;78;81;21;63;83
"Sprotte frisch";1202;952;1670;167;8733;2088;919;440;451;818;1336;1501;484;7132;668;585;147;668;685;167;585;919
"Buchweizen Vollkorn";435;717;816;181;4118;1541;590;150;190;336;535;499;154;4226;345;381;50;463;354;127;181;499
"Rührei (Zubereitung Haushalt)";596;689;1020;235;6424;1390;337;4;225;675;937;642;328;4568;635;450;1;775;559;155;458;886
