"";"Butansäure/Buttersäure";"Hexansäure/Capronsäure";"Octansäure/Caprylsäure";"Decansäure/Caprinsäure";"Dodecansäure/Laurinsäure";"Tetradecansäure/Myristinsäure";"Pentadecansäure";"Hexadecansäure/Palmitinsäure";"Heptadecansäure";"Octadecansäure/Stearinsäure";"Eicosansäure/Arachinsäure";"Decosansäure/Behensäure";"Tetracosansäure/Lignocerinsäure";"Gesättigte Fettsäuren";"Tetradecensäure";"Pentadecensäure";"Hexadecensäure/Palmitoleinsäure";"Heptadecensäure";"Octadecensäure/Ölsäure";"Eicosensäure";"Decosensäure/Erucasäure";"Tetracosensäure/Nervonsäure";"Einfach ungesättigte Fettsäuren";"Hexadecadiensäure";"Hexadecatetraensäure";"Octadecadiensäure/Linolsäure omega-6";"ALA - Linolensäure/Octadecatriensäure omega-3";"Octadecatetraensäure/Stearidonsäure omega-3";"Nonadecatriensäure";"Eicosadiensäure omega-6";"Eicosatriensäure omega-3";"Eicosatetraensäure/Arachidonsäure omega-6";"EPA - Eicosapentaensäure omega-3";"Docosadiensäure omega-6";"Docosatriensäure omega-6";"Docosatetraensäure omega-6";"Docosapentaensäure omega-3";"DHA - Docosahexaensäure omega-3";"Mehrfach ungesättigte Fettsäuren";"Kurzkettige Fettsäuren";"Mittelkettige Fettsäuren";"Langkettige Fettsäuren";"Glycerin und Lipoide";"Cholesterin"
"Hühnerei Vollei frisch";0;0;0;0;0;28;0;2417;0;837;46;0;0;3328;0;0;372;0;4089;0;0;0;4461;0;0;1023;279;0;0;0;0;93;0;0;0;0;0;112;1507;0;0;9296;1904;396
"Gnocchi gekocht";0;0;19;0;0;0;0;0;0;0;0;0;0;3;0;0;1;168;0;135;97;0;0;0;105;0;15;0;0;444;141;0;0;0;25;0;152;0;0;0;0;0;2;0
"Kopfsalat mit Essigmarinade (Zubereitung Haushalt)";0;0;0;0;75;11;0;0;0;0;0;0;0;43;0;0;21;2502;0;1327;523;0;0;0;662;0;12;0;0;10796;6967;0;0;0;515;0;2458;0;0;0;21;0;11;0
"Salami Kroatische Art";0;0;90;0;0;0;0;0;0;0;0;47;0;3;0;0;193;11671;0;8889;1308;8;3;0;5394;0;754;0;0;23381;2821;0;0;0;3126;0;10721;0;3;0;0;0;308;0
"Suppenhuhn Fleisch (mittelfett) frisch";0;0;94;19;19;0;0;0;0;0;0;19;0;19;0;0;115;9248;0;6828;1117;38;19;0;5103;0;1381;0;0;19164;3107;19;0;0;1362;0;7714;0;19;0;0;0;230;19
"Lyoner Wurst";0;0;67;0;0;0;0;0;0;0;0;45;0;12;0;0;207;11335;0;8780;1256;21;12;0;5335;0;722;0;0;22829;2714;0;0;0;3015;0;10394;0;12;0;0;0;340;0
"Marzipan Rohmasse";0;0;0;0;0;0;0;0;0;0;0;0;0;56;0;0;34;23972;0;2920;1606;0;0;0;2181;0;212;0;0;33559;6667;0;0;0;627;0;23726;0;0;0;0;0;56;0
"Weintraube weiß frisch";0;0;0;0;0;0;0;0;0;0;0;0;0;0;0;0;0;15;0;118;0;0;0;0;102;0;0;0;0;0;0;0;0;0;13;0;15;0;0;0;0;0;3;0
"Kleber (Gluten)";0;0;0;0;0;0;0;0;0;0;0;0;0;230;0;0;0;202;0;806;1120;0;0;0;562;0;0;0;0;2880;1872;0;0;0;14;0;202;0;0;0;0;0;0;0
"Rhabarber frisch";0;0;0;0;0;0;0;0;0;0;0;0;0;0;0;0;0;5;0;25;20;0;0;0;21;0;0;0;0;80;50;0;0;0;4;0;5;0;0;0;0;0;0;0
"Papaya";0;0;0;0;0;0;0;0;0;0;0;1;0;0;0;0;0;25;0;27;18;0;0;0;20;0;13;0;0;72;20;0;0;0;1;0;12;0;0;0;0;0;5;0
"Tomatensoße mit Tomatenmark (Zubereitung Gastronomie)";0;245;22;184;0;0;0;0;0;0;0;226;0;35;0;0;20;2556;0;4697;496;65;70;0;2084;0;203;156;401;7009;429;272;0;0;790;0;2118;88;83;48;0;0;741;97
"Geflügel Döner";0;5;38;7;5;14;0;0;0;0;0;17;0;13;0;0;20;1254;0;612;266;4;2;0;403;0;54;3;8;2297;452;13;2;0;113;0;1160;6;2;1;1;0;33;3
"Walnüsse geröstet";0;0;0;0;43;17;0;0;0;0;0;0;0;465;0;0;562;14214;0;6816;3126;9;0;0;4308;0;151;0;0;62746;41716;0;0;0;1309;0;13398;0;0;0;43;86;639;0
"Gouda mind. 45% Fett i. Tr.";0;1060;67;980;7;0;0;0;0;0;0;1540;0;14;0;0;13;6743;0;19899;1694;177;61;0;8470;0;806;680;1740;24093;631;1440;0;0;2535;0;5525;460;318;2;13;0;3645;335
"Haferflockenbrei (Zubereitung Haushalt)";0;133;48;100;0;0;0;0;0;0;0;122;0;26;0;0;8;1805;0;2782;421;34;37;0;1336;0;131;85;218;4757;536;148;0;0;454;0;1552;48;45;25;0;0;399;52
"Kefir entrahmt";0;3;0;3;0;0;0;0;0;0;0;3;0;0;0;0;0;30;0;61;6;1;1;0;27;0;2;2;5;85;3;4;0;0;10;0;25;1;1;1;0;0;10;1
"Lachsschinkenpastete";0;0;57;0;0;0;0;0;0;0;0;37;0;23;0;0;188;9443;0;7121;1167;39;20;0;4395;0;585;0;0;18779;2215;0;0;0;2345;0;8650;0;20;0;0;0;262;0
"Mais-Fladenbrot";0;0;0;0;0;0;0;0;0;0;0;0;0;4;0;0;0;393;0;204;247;0;0;0;172;0;4;0;0;1519;922;0;0;0;28;0;389;0;0;0;0;0;0;0
"Roggen Vollkorn";0;0;0;0;0;0;0;0;0;0;0;1;0;1;0;0;10;184;0;238;476;0;0;0;228;0;6;0;0;1224;802;0;0;0;7;0;168;0;0;0;0;0;1;0
"Schwein Schinken gekocht geräuchert";0;0;53;0;0;0;0;0;0;0;0;7;0;7;0;0;46;1954;0;1504;386;20;7;0;940;0;140;0;0;3901;443;0;0;0;460;0;1761;0;7;0;0;0;63;0
"Blattspinat tiefgefroren";0;0;0;0;0;0;0;0;0;0;0;0;0;0;0;0;0;24;0;38;63;0;0;0;31;0;5;0;0;252;190;0;0;0;5;0;19;0;0;0;0;0;2;0
"Weißkohl (Weißkraut) gegart";0;0;0;0;0;0;0;0;0;0;0;0;0;0;0;0;0;11;0;37;37;0;0;0;33;0;4;0;0;150;102;0;0;0;4;0;7;0;0;0;0;0;0;0
"Maiskeimöl";0;0;1;0;96;191;0;0;0;0;0;0;0;287;0;0;191;25500;0;14710;4396;0;0;0;11461;0;287;0;0;95504;55294;0;0;0;2197;0;24831;0;0;0;96;0;573;0
"Brathähnchen Brustfilet roh";0;0;62;1;1;0;0;0;0;0;0;1;0;1;0;0;7;282;0;211;39;1;1;0;152;0;36;0;0;660;168;1;0;0;46;0;234;0;1;0;0;0;7;4
"Schweineschmalz, -fett";0;0;86;95;0;0;0;0;0;0;0;191;0;286;0;0;763;45177;0;39365;4387;191;0;0;23638;0;2859;0;0;95218;10771;95;0;0;13630;0;41364;0;0;0;0;0;1334;191
"Plockwurst einfach";0;0;70;0;0;0;0;0;0;0;0;72;0;35;0;0;349;18323;0;14460;1984;78;38;0;8828;0;1205;0;0;36932;4149;0;0;0;4842;0;16692;0;46;0;0;0;559;39
"Hirse ganzes Korn roh";0;0;0;0;0;0;0;0;0;0;0;0;0;31;0;0;0;755;0;802;504;0;0;0;607;0;15;0;0;3096;1539;0;0;0;155;0;740;0;0;0;0;0;9;0
"Butterschmalz";0;3385;340;2539;0;0;0;0;0;0;0;3103;0;470;0;0;188;29994;0;60366;5473;846;940;0;25952;0;2445;2163;5548;84718;3667;3761;0;0;9497;0;24447;1222;1128;658;0;0;10061;1316
"Frikadelle (Zubereitung Gastronomie)";0;0;98;2;0;67;0;0;0;0;0;24;0;25;0;0;108;3695;0;2828;680;25;12;0;1739;0;290;0;0;7571;1052;4;0;0;857;0;3193;2;12;0;0;0;142;25
"Kalb Leber roh";0;0;229;0;0;0;0;0;0;0;0;0;0;0;0;0;2;204;0;348;297;5;6;0;142;0;17;0;0;854;302;0;0;0;192;0;179;0;2;0;0;0;7;0
"Stockwurst";0;0;56;0;0;0;0;0;0;0;0;31;0;22;0;0;143;10327;0;8598;1067;144;26;0;5190;0;952;0;0;20435;1510;0;0;0;2642;0;9018;0;80;0;0;0;489;188
"Bier";0;0;0;0;0;0;0;0;0;0;0;0;0;0;0;0;0;0;0;0;0;0;0;0;0;0;0;0;0;0;0;0;0;0;0;0;0;0;0;0;0;0;0;0
"Camembert Doppelrahmstufe";0;1129;93;847;0;0;0;0;0;0;0;1035;0;157;0;0;63;10009;0;20142;1826;282;314;0;8660;0;816;722;1851;28268;1223;1255;0;0;3169;0;8157;408;376;220;0;0;3357;439
"Schwein Filet (mager) frisch gegart";0;0;87;0;0;0;0;0;0;0;0;4;0;4;0;0;24;994;0;769;197;10;4;0;480;0;72;0;0;1989;226;0;0;0;235;0;894;0;4;0;0;0;32;0
"Schnittkäse";0;963;0;722;0;0;0;0;0;0;0;883;0;134;0;0;53;8529;0;17171;0;241;267;0;7381;0;695;615;0;0;0;0;0;0;2701;0;6953;348;321;187;0;0;2862;374
"Debreziner Konserve";0;0;51;0;0;0;0;0;0;0;0;56;0;14;0;0;237;14571;0;11337;1826;64;19;0;6866;0;1041;0;0;29152;3244;0;0;0;3849;0;13220;0;30;0;0;0;458;54
"Zucchini gedünstet mit Knoblauch (Zubereitung Haushalt)";0;58;5;44;0;0;0;0;0;0;0;57;0;8;0;0;3;548;0;1141;173;15;16;0;532;0;44;37;95;1766;239;67;0;0;173;0;451;23;19;11;0;0;175;23
"Eier gekocht, gesalzen (Zubereitung Haushalt)";0;0;395;0;0;0;0;0;0;0;0;0;0;46;0;0;0;4445;0;3317;1898;0;0;0;2409;0;371;0;0;9265;1503;0;0;0;834;0;4074;0;0;0;0;0;28;0
"Rind Leber roh";0;0;257;0;27;0;0;0;0;0;0;3;0;8;0;0;8;587;0;1343;948;16;33;0;466;0;38;0;0;2712;782;0;0;0;785;0;483;0;14;22;0;0;24;3
"Krabbe klein (Shrimps) gegart";0;0;145;1;0;18;0;0;0;0;0;10;0;0;0;0;21;306;0;240;452;5;10;0;163;0;58;0;0;1054;510;2;0;0;28;0;199;1;6;0;0;0;26;0
"Wildreis gekocht";0;0;0;0;0;0;0;0;0;0;0;0;0;1;0;0;0;93;0;87;55;0;0;0;75;0;0;0;0;312;132;0;0;0;8;0;93;0;0;0;0;0;3;0
"Sülzwurst hervorhebend";0;0;74;0;0;0;0;0;0;0;0;15;0;11;0;0;81;3728;0;2908;721;31;13;0;1790;0;262;0;0;7580;944;0;0;0;930;0;3372;0;12;0;0;0;119;0
"Geflügelbratwurst";0;0;45;0;0;1;0;0;0;0;0;6;0;1;0;0;17;1132;0;1111;167;2;20;0;656;0;57;0;0;2660;417;0;0;0;400;0;1037;0;1;0;3;0;42;0
"Weißer Preßkopf";0;0;79;0;0;0;0;0;0;0;0;25;0;5;0;0;101;6717;0;5257;800;33;8;0;3174;0;495;0;0;13407;1433;0;0;0;1781;0;6076;0;17;0;0;0;222;37
"Rind Hackfleisch frisch";0;0;58;0;0;0;0;0;0;0;0;13;0;4;0;0;25;6683;0;5793;699;142;14;0;3397;0;809;0;0;12931;455;0;0;0;1739;0;5603;0;76;0;0;0;422;232
"Sülzkotelett";0;0;47;0;0;0;0;0;0;0;0;7;0;8;0;0;40;1978;0;1598;404;23;12;0;978;0;144;0;0;3999;423;0;0;0;501;0;1775;0;9;0;0;0;72;7
"Gänseleberkäse getrüffelt";0;0;391;0;11;0;0;0;0;0;0;21;0;7;0;0;103;5972;0;5010;1383;13;7;0;3021;0;411;0;0;12858;1876;0;0;0;1773;0;5451;0;7;0;0;0;157;0
"Pommes frites mit Ketchup";0;0;0;86;92;370;0;0;0;0;0;308;0;92;0;0;370;2269;0;2609;295;31;0;0;1055;0;308;6;6;5724;1049;197;49;0;495;0;1215;111;6;0;0;0;327;6
"Mango tiefgefroren";0;0;0;0;0;0;0;0;0;0;0;1;0;0;0;0;0;176;0;112;94;0;0;0;90;0;83;0;0;376;88;0;0;0;5;0;93;0;0;0;0;0;16;0
"Zwiebeln gebraten (zubereitet ohne Fett)";0;0;0;0;0;0;0;0;0;0;0;0;0;0;0;0;0;30;0;88;46;0;0;0;62;0;0;0;0;216;98;0;0;0;25;0;30;0;0;0;0;0;1;0
"Schnittkäse Vollfettstufe";0;919;56;689;0;0;0;0;0;0;0;842;0;128;0;0;51;8138;0;16382;1485;230;255;0;7041;0;663;587;1506;22988;995;1021;0;0;2577;0;6634;332;306;178;0;0;2731;357
"Zucker braun Rohzucker";0;0;0;0;0;0;0;0;0;0;0;0;0;0;0;0;0;0;0;0;0;0;0;0;0;0;0;0;0;0;0;0;0;0;0;0;0;0;0;0;0;0;0;0
"Schinkenwurst Krakauer Art roh";0;0;59;0;0;0;0;0;0;0;0;50;0;13;0;0;217;12436;0;9576;1595;34;17;0;5817;0;822;0;0;24952;2940;0;0;0;3296;0;11374;0;14;0;0;0;352;6
"Quark mit Kräutern Fettstufe";0;153;14;115;0;0;0;0;0;0;0;140;0;21;0;0;8;1368;0;2767;294;38;42;0;1207;0;114;98;251;4016;302;170;0;0;433;0;1115;55;51;30;0;0;456;59
"Pastete im Brotteig";0;0;67;0;0;0;0;0;0;0;0;29;0;21;0;0;159;7215;0;5697;858;36;21;0;3514;0;453;0;0;14596;1684;0;0;0;1862;0;6582;0;21;0;0;0;214;0
"Schwein Leber gegart";0;0;438;0;35;0;0;0;0;0;0;7;0;12;0;0;5;626;0;1818;1233;38;7;0;608;0;45;0;0;3986;1542;0;0;0;952;0;569;0;7;0;139;0;20;0
"Lauchzwiebel roh";0;0;0;0;0;0;0;0;0;0;0;0;0;0;0;0;0;38;0;71;60;0;0;0;65;0;0;0;0;240;131;0;0;0;5;0;38;0;0;0;0;0;1;0
"Kartoffelpüree (Zubereitung Gastronomie)";0;188;17;142;0;0;0;0;0;0;0;176;0;26;0;0;11;1674;0;3394;324;47;52;0;1459;0;138;120;308;4795;245;210;0;0;533;0;1363;68;63;37;0;0;572;73
"Aprikose Konfitüre";0;0;0;0;0;0;0;0;0;0;0;0;0;0;0;0;0;88;0;5;19;0;0;0;5;0;44;0;0;112;19;0;0;0;0;0;44;0;0;0;0;0;0;0
"Klarer";0;0;0;0;0;0;0;0;0;0;0;0;0;0;0;0;0;0;0;0;0;0;0;0;0;0;0;0;0;0;0;0;0;0;0;0;0;0;0;0;0;0;0;0
"Gerste Perlgraupen";0;0;0;0;0;0;0;0;0;0;0;1;0;0;0;0;1;122;0;251;381;0;0;0;230;0;8;0;0;979;606;0;0;0;10;0;113;0;0;0;0;0;10;0
"Lakritze";0;0;0;9;0;0;0;0;0;0;0;26;0;2;0;0;6;146;0;202;261;0;0;0;133;0;16;0;0;620;286;14;0;0;14;0;124;5;0;0;0;0;13;0
"Westfälische grobe Mettwurst";0;0;75;0;0;0;0;0;0;0;0;54;0;12;0;0;240;13466;0;10283;1712;31;12;0;6272;0;888;0;0;26970;3221;0;0;0;3532;0;12326;0;12;0;0;0;370;0
"Helle Zungenwurst Konserve";0;0;68;3;0;0;0;0;0;0;0;51;0;11;0;0;190;10596;0;7919;1244;18;9;0;4883;0;689;0;0;21065;2553;3;0;0;2642;0;9708;0;9;0;0;0;302;0
"Schalotte roh";0;0;0;0;0;0;0;0;0;0;0;0;0;0;0;0;0;26;0;47;40;0;0;0;43;0;0;0;0;160;87;0;0;0;3;0;26;0;0;0;0;0;1;0
"Cornflakes mit Zucker, Honig geröstet";0;0;0;0;0;0;0;0;0;0;0;0;0;8;0;0;0;199;0;72;77;0;0;0;54;0;5;0;0;467;196;0;0;0;10;0;194;0;0;0;0;0;0;0
"Haferdrink";0;0;0;0;2,5;2,8;0;0;0;0;0;0,6;0;6;0;0;28,3;700;0;200;82,1;0,9;0;0;159,5;0;5,1;0;0;1417,9;500;0;0;0;26,9;0;673;0;0,3;0;0,9;1,1;2,3;0
"Spargel weiß gegart";0;0;0;0;0;0;0;0;0;0;0;1;0;0;0;0;0;4;0;36;28;0;0;0;32;0;1;0;0;113;73;0;0;0;2;0;3;0;0;0;0;0;1;0
"Sojaerzeugnisse";0;0;0;0;22;0;0;0;0;0;0;22;0;65;0;0;43;5080;0;3257;1635;0;0;0;2324;0;43;0;0;21715;13378;0;0;0;781;0;4994;0;0;0;0;0;43;0
"Marmorkuchen aus Rührmasse";0;632;141;475;0;0;0;0;0;0;0;581;0;102;0;0;36;6743;0;12267;1535;159;176;0;5510;0;541;404;1036;18425;1155;704;0;0;2076;0;5621;229;211;123;0;0;1888;246
"Weichkäse aus Ziegenmilch (45% Fett i. Tr.)";0;742;54;556;0;0;0;0;0;0;0;680;0;103;0;0;41;6571;0;13226;1199;185;206;0;5686;0;536;474;1216;18560;803;824;0;0;2081;0;5356;268;247;144;0;0;2204;288
"Landjäger";0;0;59;0;0;0;0;0;0;0;0;78;0;17;0;0;327;21039;0;16393;2565;111;20;0;9932;0;1581;0;0;41879;4447;0;0;0;5503;0;18990;0;54;0;0;0;698;121
"Zuckererbsen frisch";0;0;0;0;0;0;0;0;0;0;0;0;0;0;0;0;0;23;0;42;40;0;0;0;36;0;0;0;0;160;95;0;0;0;4;0;23;0;0;0;0;0;2;0
"Weizen Grieß gegart";0;0;0;0;0;0;0;0;0;0;0;0;0;0;0;0;0;9;0;11;22;0;0;0;10;0;0;0;0;57;37;0;0;0;1;0;9;0;0;0;0;0;0;0
"Feldsalat frisch";0;0;0;0;0;0;0;0;0;0;0;0;0;0;0;0;0;13;0;68;72;0;0;0;58;0;3;0;0;288;207;0;0;0;4;0;10;0;0;0;0;0;6;0
"Hafer ganzes Korn roh";0;0;0;0;0;0;0;0;0;0;0;7;0;33;0;0;7;2521;0;1470;425;0;0;0;1280;0;54;0;0;6858;2867;0;0;0;110;0;2460;0;0;0;0;0;40;0
"Weißbrot-Weizentoastbrot";0;0;0;35;37;146;0;0;0;0;0;123;0;42;0;0;149;997;0;1148;319;12;0;0;514;0;125;2;2;2937;873;79;20;0;204;0;575;44;3;0;0;0;132;2
"Walnüsse";0;0;0;0;0;0;0;0;0;0;0;0;0;417;0;0;476;10115;0;6725;3000;0;0;0;4403;0;119;0;0;59500;42660;0;0;0;1250;0;9520;0;0;0;0;0;655;0
"Konfitüre Gelee Marmeladen";0;0;0;0;0;0;0;0;0;0;0;1;0;0;0;0;0;9;0;34;29;0;0;0;28;0;1;0;0;120;77;0;0;0;4;0;8;0;0;0;0;0;1;0
"Kiwi frisch";0;0;0;0;0;0;0;0;0;0;0;3;0;0;0;0;0;106;0;149;126;0;0;0;121;0;5;0;0;504;249;0;0;0;20;0;101;0;0;0;0;0;5;0
"Haselnusspastete";0;0;59;0;0;0;0;0;0;0;0;34;0;20;0;0;159;12433;0;6806;1291;22;10;0;4185;0;561;0;0;21787;2548;0;0;0;2292;0;11703;0;10;0;0;0;243;0
"Lachs tiefgefroren";0;0;35;0;6;308;0;0;0;0;0;0;0;6;0;0;479;2447;0;1616;634;57;0;34;1033;0;342;0;0;5706;1643;0;0;0;211;0;1312;0;29;0;0;6;274;0
"Pumpernickel";0;0;0;0;0;0;0;0;0;0;0;1;0;1;0;0;6;106;0;135;266;0;0;0;128;0;3;0;0;693;452;0;0;0;4;0;97;0;0;0;0;0;1;0
"Kaiserjagdwurst Konserve";0;0;59;0;0;0;0;0;0;0;0;31;0;10;0;0;145;7869;0;6037;999;23;10;0;3690;0;515;0;0;15782;1876;0;0;0;2054;0;7199;0;10;0;0;0;219;0
"Mais-Vollkornfladenbrot";0;0;0;0;0;0;0;0;0;0;0;0;0;7;0;0;0;604;0;312;380;0;0;0;263;0;7;0;0;2330;1414;0;0;0;42;0;597;0;0;0;0;0;0;0
"Honig";0;0;0;0;0;0;0;0;0;0;0;0;0;0;0;0;0;0;0;0;0;0;0;0;0;0;0;0;0;0;0;0;0;0;0;0;0;0;0;0;0;0;0;0
"Vollkornbrot mit Sonnenblumenkernen";0;0;0;0;14;2;0;0;0;0;0;1;0;9;0;0;10;554;0;367;344;0;0;0;239;0;5;0;0;2596;1675;0;0;0;97;0;537;0;0;0;4;0;3;0
"Schaf Muskelfleisch";0;0;65;6;0;0;0;0;0;0;0;6;0;16;0;0;6;1595;0;1460;451;32;32;0;763;0;84;0;0;3243;194;6;0;0;504;0;1454;0;19;0;0;0;114;19
"Rind Lunge frisch";0;0;242;0;0;0;0;0;0;0;0;0;0;0;0;0;0;626;0;966;676;0;0;0;644;0;59;0;0;1954;362;0;0;0;293;0;567;0;0;0;0;0;29;0
"Pak Choi frisch";0;0;0;0;0;0;0;0;0;0;0;0;0;0;0;0;0;41;0;74;60;0;0;0;66;0;4;0;0;240;125;0;0;0;8;0;37;0;0;0;0;0;0;0
"Champignon frisch";0;0;0;0;0;0;0;0;0;0;0;0;0;0;0;0;0;3;0;58;48;0;0;0;53;0;1;0;0;192;131;0;0;0;4;0;2;0;0;0;0;0;1;0
"Knoblauchwurst einfach";0;0;50;0;0;0;0;0;0;0;0;57;0;2;0;0;210;16371;0;12898;1705;92;5;0;7746;0;1306;0;0;32470;3201;0;0;0;4362;0;14696;0;51;0;0;0;588;154
"Wurzelpetersilie frisch";0;0;0;0;0;0;0;0;0;0;0;0;0;0;0;0;0;45;0;82;94;0;0;0;75;0;0;0;0;376;249;0;0;0;4;0;45;0;0;0;0;0;3;0
"Apfel Fruchtsaft";0;0;0;0;0;0;0;0;0;0;0;1;0;1;0;0;0;2;0;16;1;0;0;0;10;0;0;0;0;39;21;0;0;0;3;0;2;0;0;0;0;0;1;0
"Beerenobst";0;0;0;0;0;0;0;0;0;0;0;0;0;0;0;0;0;15;0;118;60;0;0;0;102;0;0;0;0;240;107;0;0;0;13;0;15;0;0;0;0;0;3;0
"Pecannuss frisch";0;0;0;0;0;0;0;0;0;0;0;0;0;0;0;0;482;44672;0;6195;3168;0;0;0;4405;0;275;0;0;68832;17965;0;0;0;1790;0;43915;0;0;0;0;0;0;0
"Schweinefilet im Netz                   ";0;114;68;86;0;36;0;0;0;0;0;112;0;22;0;0;58;3188;0;3665;547;42;38;0;1887;0;229;72;186;7194;654;127;0;0;844;0;2758;41;43;22;0;2;402;45
"Geflügelwiener Würstchen";0;0;40;0;0;1;0;0;0;0;0;10;0;7;0;0;42;2053;0;1952;352;8;20;0;1104;0;86;0;0;4509;504;0;0;0;747;0;1904;0;5;0;0;0;71;0
"Spekulatius aus Mürbeteig";0;642;97;482;0;0;0;0;0;0;0;591;0;106;0;0;42;9642;0;12344;1634;161;179;0;5596;0;542;410;1052;22244;2024;714;0;0;1982;0;8505;232;215;124;0;0;1927;250
"Mosaik-, Schachbrettpastete und andere";0;0;59;0;0;0;0;0;0;0;0;42;0;10;0;0;186;10369;0;7962;1222;21;10;0;4856;0;669;0;0;20822;2491;0;0;0;2739;0;9504;0;10;0;0;0;284;0
"Kresse frisch";0;0;0;0;0;0;0;0;0;0;0;0;0;0;0;0;0;14;0;93;140;0;0;0;87;0;10;0;0;493;386;0;0;0;6;0;4;0;0;0;0;0;0;0
"Banane frisch";0;0;0;1;0;0;0;0;0;0;0;1;0;0;0;0;0;23;0;68;36;0;0;0;60;0;3;0;0;143;53;1;0;0;5;0;20;0;0;0;0;0;1;0
"Rumpsteak (Zubereitung Großküche)";0;0;85;0;0;0;0;0;0;0;0;4;0;12;0;0;8;1853;0;1902;364;44;40;0;1029;0;139;0;0;3967;212;0;0;0;674;0;1626;0;20;0;0;0;119;40
"Linsen reif frisch";0;0;0;0;0;0;0;0;0;0;0;0;0;12;0;0;11;239;0;205;315;0;0;0;181;0;0;0;0;1085;641;0;0;0;12;0;228;0;0;0;0;0;0;0
"Oliven";0;0;0;0;13;0;0;0;0;0;0;0;0;53;0;0;40;9940;0;2046;612;13;0;0;1595;0;133;0;0;13288;1302;0;0;0;332;0;9767;0;0;0;13;0;27;0
"Müsli";0;0;0;0;4;1;0;0;0;0;0;3;0;23;0;0;9;3540;0;914;596;0;0;0;732;0;24;0;0;6670;2216;0;0;0;134;0;3506;0;0;0;1;0;17;0
"Kokosflocken aus Fondant";0;0;0;559;0;0;0;0;0;0;0;4039;0;77;0;0;0;542;0;7908;529;0;0;0;757;0;26;60;60;7332;146;1204;0;0;258;0;516;645;0;0;0;0;1513;0
"Gouda mind. 10% Fett i. Tr.";0;544;37;408;0;0;0;0;0;0;0;499;0;76;0;0;30;4823;0;9707;880;136;151;0;4173;0;393;348;892;13623;590;605;0;0;1527;0;3931;197;181;106;0;0;1618;212
"Gelee einfach";0;0;0;0;0;0;0;0;0;0;0;1;0;0;0;0;0;8;0;29;24;0;0;0;23;0;1;0;0;98;61;0;0;0;4;0;7;0;0;0;0;0;1;0
"Tomatensoße italienisch (Zubereitung Großküche)";0;0;1;0;2;0;0;0;0;0;0;15;0;11;0;0;14;2365;0;1061;320;12;8;0;696;0;75;0;0;3870;445;1;0;0;270;0;2260;1;5;0;2;0;47;8
"Kohlrabi frisch";0;0;0;0;0;0;0;0;0;0;0;0;0;0;0;0;0;8;0;15;20;0;0;0;13;0;0;0;0;80;57;0;0;0;1;0;8;0;0;0;0;0;1;0
"Kokosnuss";0;0;0;2164;0;0;0;0;0;0;0;15935;0;334;0;0;0;2193;0;31555;2082;0;0;0;3049;0;128;237;237;29262;669;4918;0;0;1082;0;2065;2754;0;0;0;0;6000;0
"Obstsalat süßsauer (Zubereitung Haushalt)";0;0;0;0;0;0;0;0;0;0;0;1;0;5;0;0;5;154;0;132;87;0;0;0;98;0;4;0;0;871;585;0;0;0;19;0;145;0;0;0;0;0;9;0
"Kalbfleischsülze";0;0;55;0;0;0;0;0;0;0;0;2;0;1;0;0;5;1133;0;1149;774;28;28;0;604;0;101;0;0;2469;187;0;0;0;393;0;966;0;18;0;0;0;103;33
"Salami ungarische Art";0;0;76;0;0;0;0;0;0;0;0;61;0;3;0;0;248;15194;0;11582;1669;6;3;0;7018;0;980;0;0;30454;3678;0;0;0;4085;0;13963;0;3;0;0;0;406;0
"Muffins mit Schokolade";0;5;37;9;0;236;0;0;0;0;0;64;0;91;0;0;263;4556;0;4584;693;1;1;0;2308;0;234;3;8;10841;1725;16;0;0;1923;0;3819;7;2;1;0;0;171;2
"Graubrot-Weizenmischbrot mit Sonnenblumenkernen";0;0;0;0;15;2;0;0;0;0;0;1;0;11;0;0;7;587;0;372;318;0;0;0;230;0;5;0;0;2687;1728;0;0;0;108;0;573;0;0;0;4;0;3;0
"Aprikose - Marille";0;0;0;0;0;0;0;0;0;0;0;0;0;0;0;0;0;87;0;7;17;0;0;0;6;0;44;0;0;113;19;0;0;0;1;0;43;0;0;0;0;0;0;0
"Schinkenroulade";0;0;70;0;0;0;0;0;0;0;0;40;0;23;0;0;204;10317;0;7792;1540;51;21;0;4804;0;687;0;0;20532;2423;0;0;0;2559;0;9405;0;21;0;0;0;294;0
"Kartoffelsalat mit grüner Gurke und Mayonnaise (Zubereitung Gastronomie)";0;5;13;130;0;0;0;0;0;0;0;343;0;22;0;0;1;1801;0;2165;240;3;3;0;953;0;32;3;8;4313;655;300;0;0;261;0;1760;170;2;1;0;0;273;4
"Brötchen-Roggenbrötchen mit Sonnenblumenkernen";0;0;0;0;15;2;0;0;0;0;0;1;0;9;0;0;8;600;0;390;353;0;0;0;249;0;5;0;0;2798;1808;0;0;0;109;0;585;0;0;0;4;0;3;0
"Leberwurst einfach";0;0;122;11;2;0;0;0;0;0;0;57;0;39;0;0;238;14155;0;11761;1992;57;26;0;6972;0;922;0;0;29301;3396;11;0;0;4182;0;12936;0;20;12;0;0;421;21
"Bohnen grün tiefgefroren gegart";0;0;0;0;0;0;0;0;0;0;0;0;0;0;0;0;0;9;0;56;53;0;0;0;47;0;1;0;0;210;145;0;0;0;9;0;8;0;0;0;0;0;0;0
"Vollkornbrot-Mehrkornvollkornbrot";0;0;0;0;0;0;0;0;0;0;0;1;0;3;0;0;6;202;0;193;284;0;0;0;175;0;4;0;0;950;555;0;0;0;12;0;192;0;0;0;0;0;2;0
"Kalbfleisch-Pastete";0;127;74;95;0;0;0;0;0;0;0;130;0;22;0;0;65;4754;0;5207;1153;58;57;0;2716;0;346;81;208;10635;1023;141;0;0;1352;0;4192;46;58;24;0;0;522;70
"Hausmacher Blutwurst Konserve";0;0;33;0;0;0;0;0;0;0;0;60;0;1;0;0;240;14851;0;11342;1581;1;1;0;6864;0;952;0;0;29811;3618;0;0;0;4014;0;13658;0;1;0;0;0;401;0
"Salzstangen";0;0;0;0;0;0;0;0;0;0;0;0;0;3;0;0;1;58;0;73;140;0;0;0;65;0;2;0;0;360;229;0;0;0;4;0;55;0;0;0;0;0;1;0
"Mozzarella";0;941,6;71,5;710,6;20,9;2,2;0;0;0;0;0;821,7;0;31,9;0;0;8,8;5273,4;0;15684,9;0;129,8;60,5;0;7081,8;0;378,4;567,6;1509,2;18994,8;581,9;1036,2;0;0;2084,5;0;4596,9;325,6;279,4;0;11;2,2;2678,5;224,4
"Brathähnchen Leber frisch";0;0;555;0;17;0;0;0;0;0;0;0;0;3;0;0;10;1037;0;1486;1217;3;3;0;851;0;108;0;0;3483;960;0;0;0;592;0;916;0;3;0;0;0;17;0
"Rote Bete gegart";0;0;0;0;0;0;0;0;0;0;0;0;0;0;0;0;0;9;0;19;19;0;0;0;18;0;0;0;0;75;47;0;0;0;1;0;9;0;0;0;0;0;0;0
"Agavendicksaft";0;0;0;20;0;80;0;0;0;0;0;20;0;10;0;0;0;200;0;100;0;0;0;0;30;0;80;0;0;430;100;20;0;0;0;0;80;0;0;0;0;0;20;0
"Shiitakepilz frisch";0;0;0;0;0;0;0;0;0;0;0;0;0;0;0;0;0;3;0;52;44;0;0;0;48;0;1;0;0;176;121;0;0;0;3;0;2;0;0;0;0;0;1;0
"Mortadella Konserve";0;0;65;0;0;0;0;0;0;0;0;55;0;16;0;0;244;13859;0;10383;1609;27;14;0;6353;0;868;0;0;27553;3311;0;0;0;3551;0;12733;0;14;0;0;0;367;0
"Marmelade";0;0;0;0;0;0;0;0;0;0;0;1;0;0;0;0;0;9;0;34;29;0;0;0;28;0;1;0;0;120;77;0;0;0;4;0;8;0;0;0;0;0;1;0
"Griechischer Joghurt";0;68,8;4,7;301,4;3,2;0,3;0;0;0;0;0;2026,3;0;54,3;0;0;21,9;2300;0;6000;263,5;15,2;5,9;0;1583;0;38,3;60;128,8;15678,1;8100;656,5;0;0;563;0;2234,2;355,1;21,9;8,1;2,1;0;937,9;12,5
"Rind Pökelfleisch gekocht ungeräuchert";0;0;49;0;0;0;0;0;0;0;0;7;0;12;0;0;13;3174;0;3010;477;72;38;0;1690;0;311;0;0;6473;289;0;0;0;991;0;2722;0;35;0;0;0;203;90
"Schwein Nacken (Kamm) (fett) frisch gegart";0;0;73;0;0;0;0;0;0;0;0;31;0;9;0;0;142;7843;0;5995;1027;22;9;0;3660;0;521;0;0;15710;1872;0;0;0;2047;0;7171;0;9;0;0;0;217;0
"Hirsch Fleisch (mager) frisch";0;0;50;0;0;0;0;0;0;0;0;6;0;6;0;0;16;1421;0;1508;234;16;16;0;806;0;109;0;0;3106;177;0;0;0;559;0;1249;0;16;0;0;0;99;31
"Geflügelleberwurst";0;0;386;1;16;0;0;0;0;0;0;28;0;11;0;0;117;6757;0;6579;1701;16;8;0;3683;0;356;0;0;15138;1803;1;0;0;2552;0;6276;0;8;0;23;0;241;0
"Haselnusspastete mit Mürbeteig";0;118;57;88;0;0;0;0;0;0;0;138;0;48;0;0;172;13110;0;8390;1390;64;53;0;4812;0;572;75;193;23708;2532;131;0;0;2366;0;12244;43;59;23;0;0;579;46
"Joghurt 10% mit Früchten";0;292;33;221;0;0;0;0;0;0;0;270;0;41;0;0;16;2603;0;5240;494;74;82;0;2255;0;210;188;480;7399;363;327;0;0;824;0;2123;106;98;57;0;0;871;115
"Geflügelbierwurst";0;0;69;0;0;1;0;0;0;0;0;23;0;18;0;0;114;5509;0;5257;917;21;49;0;2962;0;246;0;0;12046;1280;0;0;0;2034;0;5099;0;14;0;0;0;185;0
"Schwarze Graupenwürstchen";0;0;59;0;0;0;0;0;0;0;0;27;0;5;0;0;113;6820;0;5415;919;13;11;0;3286;0;441;0;0;14007;1772;0;0;0;1871;0;6249;0;7;0;0;0;206;6
"Tofu frisch";0;0;0;0;4;0;0;0;0;0;0;4;0;13;0;0;9;863;0;688;335;0;0;0;489;0;9;0;0;4445;2894;0;0;0;169;0;845;0;0;0;0;0;9;0
"Rotwein leicht";0;0;0;0;0;0;0;0;0;0;0;0;0;0;0;0;0;0;0;0;0;0;0;0;0;0;0;0;0;0;0;0;0;0;0;0;0;0;0;0;0;0;0;0
"Kürbiskern geröstet";0;0;0;0;0;0;0;0;0;0;0;230;0;13;0;0;49;16671;0;8734;2008;0;0;0;5523;0;55;0;0;44382;18977;0;0;0;2968;0;16567;0;0;0;0;0;0;0
"Vollkornbrot mit Ölsamen";0;0;0;0;14;2;0;0;0;0;0;1;0;9;0;0;10;554;0;367;344;0;0;0;239;0;5;0;0;2596;1675;0;0;0;97;0;537;0;0;0;4;0;3;0
"Linsen reif gegart";0;0;0;0;0;0;0;0;0;0;0;0;0;4;0;0;4;89;0;76;118;0;0;0;68;0;0;0;0;405;240;0;0;0;4;0;85;0;0;0;0;0;0;0
"Bratwurst (nicht umgerötet)";0;0;51;0;0;0;0;0;0;0;0;48;0;5;0;0;199;11829;0;9020;1368;12;5;0;5480;0;768;0;0;23704;2855;0;0;0;3154;0;10857;0;5;0;0;0;316;0
"Amaranth roh";0;0;0;0;0;0;0;0;0;0;0;0;0;90;0;0;0;1461;0;1675;911;70;0;0;1284;0;28;0;0;6027;2891;0;0;0;220;0;1433;0;0;0;0;0;11;0
"Brühwurst feingekuttert (umgerötet)";0;0;67;0;0;0;0;0;0;0;0;45;0;12;0;0;207;11335;0;8780;1256;21;12;0;5335;0;722;0;0;22829;2714;0;0;0;3015;0;10394;0;12;0;0;0;340;0
"Avocado";0;4;0;0;5;0;0;0;0;0;0;1;0;10;0;0;21;8112;0;2765;1;5;12;0;2627;0;1145;0;4;12493;1620;0;0;0;84;0;6930;0;14;0;9;4;6;0
"Hirschsalami";0;0;69;0;0;0;0;0;0;0;0;44;0;5;0;0;169;10772;0;8526;1220;14;13;0;5084;0;706;0;0;21785;2487;0;0;0;3038;0;9861;0;13;0;0;0;328;23
"Cashewnuss geröstet und gesalzen";0;0;0;90;0;0;0;0;0;0;0;949;0;677;0;0;135;30910;0;10481;2079;0;0;0;4925;0;272;0;0;45006;3795;180;0;0;3525;0;30503;90;0;0;0;0;225;0
"Geflügelknackwurst";0;0;40;0;0;1;0;0;0;0;0;10;0;7;0;0;42;2053;0;1952;352;8;20;0;1104;0;86;0;0;4509;504;0;0;0;747;0;1904;0;5;0;0;0;71;0
"Knacker einfach, Schüblinge einfach";0;0;49;0;0;0;0;0;0;0;0;53;0;2;0;0;214;13244;0;10100;1440;5;2;0;6117;0;853;0;0;26545;3201;0;0;0;3571;0;12174;0;2;0;0;0;350;1
"Kiwi";0;0;0;0;0;0;0;0;0;0;0;3;0;0;0;0;0;106;0;149;126;0;0;0;121;0;5;0;0;504;249;0;0;0;20;0;101;0;0;0;0;0;5;0
"Erbswurst";0;0;26;0;0;0;0;0;0;0;0;44;0;4;0;0;183;11003;0;8431;1332;10;4;0;5137;0;710;0;0;22284;2850;0;0;0;2936;0;10106;0;4;0;0;0;296;0
"Schnittkäse aus Ziegenmilch (50% Fett i. Tr.)";0;945;119;2842;13;3;0;0;0;0;0;1725;0;54;0;0;20;7229;0;22376;0;141;77;0;9477;0;289;858;1803;25047;961;3716;0;0;2660;0;6763;874;276;0;3;3;2508;74
"Milzwurst";0;0;100;0;0;0;0;0;0;0;0;43;0;12;0;0;179;10640;0;8355;1634;42;27;0;5033;0;719;0;0;21518;2523;0;0;0;2879;0;9699;0;20;1;0;0;326;15
"Deutsche Salami";0;0;76;0;0;0;0;0;0;0;0;61;0;3;0;0;248;15201;0;11579;1669;6;3;0;7019;0;980;0;0;30460;3680;0;0;0;4087;0;13970;0;3;0;0;0;400;0
"Haferkleieflocken";0;0;0;0;0;0;0;0;0;0;0;54;0;0;0;0;73;2468;0;1245;450;0;0;0;1079;0;14;0;0;6200;2487;0;0;0;112;0;2381;0;0;0;0;0;0;0
"Leinsamen";0;0;0;0;56;0;0;0;0;0;0;4;0;56;0;0;47;7233;0;3634;1;22;15;0;1964;0;26;0;0;36498;25631;0;0;0;1474;0;7141;0;7;0;33;4;18;0
"Brötchen mit Sonnenblumenkernen";0;0;0;7;24;34;0;0;0;0;0;26;0;21;0;0;38;813;0;596;331;2;0;0;317;0;32;0;0;3300;1907;16;4;0;156;0;709;9;1;0;4;0;29;0
"Sonnenblumenöl";0;0;0;0;541;0;0;0;0;0;0;0;0;99;0;0;300;24588;0;10679;4400;81;0;0;6175;0;129;8;8;85638;50381;1;0;0;3525;0;24135;1;42;0;139;0;67;25
"Geflügelmortadella gebraten (zubereitet ohne Fett)";0;0;101;13;6;22;0;0;0;0;0;380;0;10;0;0;167;7982;0;6422;1636;77;0;0;4075;0;838;0;0;17986;3595;13;0;0;1475;0;6901;0;27;0;0;7;359;47
"Zwieback";0;0;0;0;0;0;0;0;0;0;0;3;0;25;0;0;12;501;0;625;1204;0;0;0;557;0;15;0;0;3096;1970;0;0;0;31;0;474;0;3;0;0;0;6;0
"Spaghetti gekocht, mit Butterflöckchen (Zubereitung Gastronomie)";0;108;45;81;5;1;0;0;0;0;0;100;0;24;0;0;10;1246;0;2162;503;27;30;0;1004;0;82;69;177;4180;1069;120;0;0;344;0;1060;39;37;21;1;0;323;42
"Sonnenblumenkern roh";0;0;0;0;210;0;0;0;0;0;0;0;0;71;0;0;37;6452;0;3022;0;13;8;0;1623;0;24;0;0;26053;16579;0;0;0;1013;0;6380;0;5;0;66;3;21;0
"Macadamianuss roh";0;490;0;70;0;237;0;0;0;0;0;0;0;1680;0;0;2160;57177;0;10533;3212;0;0;0;5790;0;15140;0;490;69867;2717;70;0;0;1470;0;39640;0;0;0;335;0;698;0
"Chicoree frisch";0;0;0;0;0;0;0;0;0;0;0;0;0;0;0;0;0;4;0;37;36;0;0;0;32;0;0;0;0;144;103;0;0;0;2;0;4;0;0;0;0;0;3;0
"Weiße Graupenwurst";0;0;78;0;0;0;0;0;0;0;0;23;0;14;0;0;114;5745;0;4700;896;28;18;0;2894;0;368;0;0;11959;1514;0;0;0;1539;0;5240;0;15;0;0;0;187;5
"Mortadella süddeutsch, Zungenwurst";0;0;80;0;0;0;0;0;0;0;0;44;0;13;0;0;191;10967;0;8306;1430;29;16;0;5056;0;691;0;0;22073;2800;0;0;0;2849;0;10069;0;13;0;0;0;302;0
"Hüttenkäse Halbfettstufe";0;146;16;110;0;0;0;0;0;0;0;134;0;20;0;0;8;1297;0;2607;237;37;41;0;1120;0;106;93;239;3661;159;163;0;0;410;0;1057;53;49;28;0;0;435;57
"Kasseler gebraten im Backofen ohne Fett";0;0;53;4;0;0;0;0;0;0;0;3;0;4;0;0;16;1090;0;926;1;4;5;0;573;0;78;0;0;2240;230;6;0;0;301;0;990;2;1;0;0;0;34;1
"Whisky";0;0;0;0;0;0;0;0;0;0;0;0;0;0;0;0;0;0;0;0;0;0;0;0;0;0;0;0;0;0;0;0;0;0;0;0;0;0;0;0;0;0;0;0
"Margarine pflanzlich Linolsäure 30-50%";0;0;7;765;306;535;0;0;0;0;0;3824;0;306;0;0;459;18813;0;23250;3520;0;0;0;9942;0;229;0;0;74644;34417;1836;0;0;3977;0;17590;1071;0;0;0;0;3059;0
"Bohnen grün tiefgefroren";0;0;0;0;0;0;0;0;0;0;0;0;0;0;0;0;0;9;0;56;53;0;0;0;47;0;1;0;0;211;146;0;0;0;9;0;8;0;0;0;0;0;0;0
"Geflügelmortadella gekocht";0;0;124;14;6;25;0;0;0;0;0;443;0;11;0;0;194;9292;0;7478;1906;90;0;0;4746;0;976;0;0;20943;4187;14;0;0;1719;0;8034;0;31;0;0;8;418;55
"Studentenfutter mit Erdnüssen";0;0;0;6;548;19;0;0;0;0;0;82;0;291;0;0;226;18979;0;5174;1513;19;0;0;2947;0;162;0;0;31623;7482;12;0;0;936;0;18572;6;0;0;208;0;131;0
"Corned Beef";0;0;70;0;0;0;0;0;0;0;0;5;0;16;0;0;11;2566;0;2639;504;60;55;0;1432;0;192;0;0;5496;291;0;0;0;934;0;2253;0;27;0;0;0;165;55
"Brötchen-Roggenmischbrötchen";0;0;0;0;0;0;0;0;0;0;0;1;0;2;0;0;4;96;0;118;232;0;0;0;110;0;3;0;0;609;395;0;0;0;4;0;89;0;0;0;0;0;1;0
"Pfefferminztee (Getränk)";0;0;0;0;0;0;0;0;0;0;0;0;0;0;0;0;0;0;0;0;0;0;0;0;0;0;0;0;0;0;0;0;0;0;0;0;0;0;0;0;0;0;0;0
"Erbsen grün Konserve";0;0;0;0;0;0;0;0;0;0;0;0;0;0;0;0;1;99;0;119;63;0;0;0;76;0;7;0;0;254;36;0;0;0;37;0;91;0;0;0;0;0;6;0
"Makrele roh Fischzuschnitt";0;0;82;0;0;1388;0;0;0;0;0;11;0;11;0;0;983;4768;0;3450;1190;64;0;54;1890;0;763;0;0;11119;2902;0;0;0;620;0;1570;0;54;0;0;54;800;11
"Kürbiscremesuppe (Zubereitung Haushalt)";0;107;11;80;0;0;0;0;0;0;0;98;0;18;0;0;7;1962;0;2048;255;27;30;0;927;0;88;68;175;4144;428;119;0;0;327;0;1776;39;36;20;0;0;321;41
"Linsen-Eintopf (Zubereitung Gastronomie)";0;0;9;0;0;13;0;0;0;0;0;3;0;3;0;0;10;580;0;499;138;7;4;0;302;0;43;0;0;1289;210;0;0;0;155;0;502;0;4;0;0;1;25;7
"Hafer Schrot";0;0;0;0;0;0;0;0;0;0;0;7;0;33;0;0;7;2560;0;1300;425;0;0;0;1153;0;20;0;0;6665;2805;0;0;0;87;0;2533;0;0;0;0;0;20;0
"Chilischote rot frisch";0;0;0;0;0;0;0;0;0;0;0;0;0;0;0;0;0;21;0;48;60;0;0;0;35;0;2;0;0;240;171;0;0;0;12;0;19;0;0;0;0;0;1;0
"Saure Sahne";0;340;37;255;0;0;0;0;0;0;0;312;0;47;0;0;19;3015;0;6067;550;85;95;0;2610;0;246;217;557;8515;368;378;0;0;954;0;2457;123;113;66;0;0;1011;132
"Papaya gegart";0;0;0;0;0;0;0;0;0;0;0;1;0;0;0;0;0;27;0;31;20;0;0;0;24;0;14;0;0;80;22;0;0;0;1;0;13;0;0;0;0;0;5;0
"Thunfisch Konserve in Öl, abgetropft";0;0;69;0;66;115;0;0;0;0;0;0;0;48;0;0;125;3713;0;2946;1020;21;0;0;1749;0;195;0;0;14668;8009;0;0;0;853;0;3267;0;0;0;19;0;190;11
"Joghurt mit Magermilch angereichert teilentrahmt";0;51;6;38;0;0;0;0;0;0;0;47;0;7;0;0;3;453;0;909;83;13;14;0;390;0;37;33;84;1277;55;56;0;0;143;0;369;18;17;10;0;0;152;20
"Zwiebelwurst";0;0;588;0;6;8;0;0;0;0;0;39;0;9;0;0;218;10270;0;8198;1994;31;35;0;4902;0;664;0;0;21292;2824;0;0;0;2915;0;9345;0;17;0;0;0;279;0
"Johannisbeere schwarz Konfitüre";0;0;0;0;0;0;0;0;0;0;0;0;0;0;0;0;0;13;0;9;15;0;0;0;8;0;1;0;0;59;37;0;0;0;1;0;12;0;0;0;0;0;0;0
"Pökelwaren Pökelfleisch";0;0;51;0;0;0;0;0;0;0;0;7;0;12;0;0;13;3317;0;3143;499;75;40;0;1765;0;325;0;0;6762;302;0;0;0;1035;0;2845;0;37;0;0;0;212;94
"Pfälzer Saumagen";0;0;50;0;0;0;0;0;0;0;0;15;0;8;0;0;68;3115;0;2425;500;20;8;0;1502;0;211;0;0;6295;755;0;0;0;777;0;2828;0;8;0;0;0;95;0
"Roggenfladenbrot";0;0;0;0;0;0;0;0;0;0;0;1;0;1;0;0;4;102;0;129;253;0;0;0;120;0;3;0;0;663;432;0;0;0;6;0;95;0;0;0;0;0;1;0
"Spitzpaprika grün";0;0;0;0;0;0;0;0;0;0;0;0;0;0;0;0;0;19;0;54;60;0;0;0;37;0;1;0;0;240;167;0;0;0;10;0;18;0;0;0;0;0;7;0
"Fleischwurst Pariser";0;0;67;0;0;0;0;0;0;0;0;45;0;12;0;0;207;11335;0;8780;1256;21;12;0;5335;0;722;0;0;22829;2714;0;0;0;3015;0;10394;0;12;0;0;0;340;0
"Kalbsleberwurst grob";0;0;114;0;5;0;0;0;0;0;0;58;0;13;0;0;259;14690;0;11347;2030;36;15;0;6875;0;970;0;0;29686;3649;0;0;0;3939;0;13444;0;15;0;0;0;406;2
"Erdnuss roh";0;0;0;0;1334;46;0;0;0;0;0;46;0;560;0;0;506;22652;0;9122;2116;46;0;0;5100;0;0;0;0;46204;14430;0;0;0;1300;0;22100;0;0;0;506;0;230;0
"Apfelmus (Zubereitung Haushalt)";0;0;0;0;0;0;0;0;0;0;0;1;0;0;0;0;0;17;0;69;59;0;0;0;57;0;1;0;0;238;152;0;0;0;9;0;16;0;0;0;0;0;2;0
"Buchweizenbrot";0;0;0;7;8;31;0;0;0;0;0;26;0;15;0;0;33;355;0;384;328;2;0;0;236;0;28;0;0;1344;621;16;4;0;52;0;263;9;1;0;0;0;28;0
"Heidelbeere tiefgefroren";0;0;0;0;0;0;0;0;0;0;0;0;0;0;0;0;0;77;0;37;125;0;0;0;27;0;2;0;0;502;388;0;0;0;10;0;75;0;0;0;0;0;0;0
"Schwein Schinken roh geräuchert (Lachsschinken)";0;0;51;0;0;0;0;0;0;0;0;7;0;7;0;0;47;1988;0;1528;392;19;7;0;956;0;143;0;0;3968;452;0;0;0;468;0;1791;0;7;0;0;0;64;0
"Graubrot-Roggenbrot mit Käse";0;26;2;20;0;0;0;0;0;0;0;25;0;5;0;0;5;331;0;593;289;7;7;0;317;0;22;17;43;1301;449;29;0;0;79;0;282;9;9;5;0;0;79;10
"Blumenkohl tiefgefroren";0;0;0;0;0;0;0;0;0;0;0;0;0;1;0;0;1;8;0;53;71;0;0;0;49;0;5;0;0;238;177;0;0;0;2;0;2;0;0;0;0;0;1;0
"Dinkelbrötchen";0;0;0;0;18;0;0;0;0;0;0;2;0;10;0;0;10;724;0;427;371;1;1;0;291;0;4;0;0;3049;1898;0;0;0;96;0;709;0;1;0;5;0;3;0
"Cocktailtomaten";0;0;0;0;0;0;0;0;0;0;0;0;0;0;0;0;0;0;0;0;42;0;0;0;32;0;2;0;0;162;100;0;0;0;5;0;23;0;0;0;0;0;0;0
"Käsespätzle (Zubereitung Haushalt)";0;99;89;75;3;17;0;0;0;0;0;95;0;29;0;0;26;2085;0;2627;653;25;28;0;1366;0;162;63;162;5323;884;111;0;0;491;0;1794;36;33;19;1;0;311;39
"Knäckebrot-Roggenbrot";0;0;0;0;0;0;0;0;0;0;0;2;0;2;0;0;6;162;0;207;403;0;0;0;191;0;5;0;0;1055;686;0;0;0;10;0;151;0;0;0;0;0;2;0
"Gurkensalat mit Joghurt (Zubereitung Haushalt)";0;29;3;22;24;3;0;0;0;0;0;27;0;18;0;0;8;1049;0;981;231;7;8;0;468;0;24;19;48;4214;2265;33;0;0;248;0;989;11;10;6;7;0;91;11
"Müsli-Riegel";0;0;0;3;0;0;0;0;0;0;0;35;0;61;0;0;21;13601;0;1821;911;0;0;0;1234;0;67;0;0;17967;2551;6;0;0;442;0;13513;3;0;0;0;0;43;0
"Schwein Rückenspeck";0;0;57;0;0;0;0;0;0;0;0;146;0;0;0;0;583;36359;0;27689;3835;0;0;0;16759;0;2332;0;0;72865;8817;0;0;0;9837;0;33444;0;0;0;0;0;947;0
"Reisdrink";0;0;0;0;6,1;1,1;0;0;0;0;0;0;0;3,2;0;0;2,3;300;0;100;0;0;0;0;49,3;0;1,1;0;0;1100;700;0;0;0;38,9;0;255,4;0;0;0;1,7;0;0,8;0
"Rostbratwurst";0;0;66;0;0;0;0;0;0;0;0;56;0;13;0;0;247;13839;0;10572;1761;31;13;0;6448;0;912;0;0;27726;3315;0;0;0;3631;0;12667;0;13;0;0;0;380;0
"Traubenzucker";0;0;0;0;0;0;0;0;0;0;0;0;0;0;0;0;0;0;0;0;0;0;0;0;0;0;0;0;0;0;0;0;0;0;0;0;0;0;0;0;0;0;0;0
"Mungobohnen reif";0;0;0;0;0;0;0;0;0;0;0;0;0;0;0;0;0;190;0;255;84;0;0;0;199;0;0;0;0;1116;671;0;0;0;56;0;190;0;0;0;0;0;0;0
"Laugengebäck";0;0;0;22;23;89;0;0;0;0;0;73;0;29;0;0;90;665;0;776;367;7;0;0;387;0;76;1;1;2193;802;49;11;0;125;0;409;27;3;0;0;0;79;1
"Rind Mark";0;0;64;0;0;0;0;0;0;0;0;90;0;0;0;0;179;46852;0;39774;4418;985;0;0;23560;0;5912;0;0;89582;2956;0;0;0;11646;0;39059;0;537;0;0;0;2956;1702
"Erdbeerkonfitüre";0;0;0;0;0;0;0;0;0;0;0;0;0;0;0;0;0;23;0;9;29;0;0;0;7;0;0;0;0;118;86;0;0;0;2;0;23;0;0;0;0;0;0;0
"Brathähnchen Brustfilet gekocht";0;0;69;1;1;0;0;0;0;0;0;1;0;1;0;0;4;172;0;131;24;1;1;0;93;0;22;0;0;406;104;1;0;0;28;0;143;0;1;0;0;0;4;2
"Tiroler";0;0;70;0;0;26;0;0;0;0;0;10;0;4;0;0;42;3167;0;2556;404;35;9;0;1527;0;275;0;0;6255;532;0;0;0;826;0;2769;0;18;0;0;1;136;45
"Tomatensoße aus frischen Tomaten (Zubereitung Haushalt)";0;9;1;9;0;120;0;0;0;0;0;35;0;26;0;0;134;1373;0;882;162;2;2;0;505;0;100;5;14;2965;739;15;0;0;187;0;1012;6;3;2;0;0;95;3
"Rind Milz frisch";0;0;263;0;0;0;0;0;0;0;0;8;0;0;0;0;0;646;0;784;651;16;16;0;406;0;89;0;0;1619;189;0;0;0;291;0;531;0;11;10;0;0;52;0
"Auberginenscheiben gebraten (Zubereitung Haushalt)";0;0;0;5;0;237;0;0;0;0;0;53;0;48;0;0;263;2548;0;1443;290;0;0;0;870;0;186;0;0;5421;1440;10;0;0;325;0;1862;5;0;0;0;0;137;0
"Getreideerzeugnisse Frühstückscerealien";0;0;0;0;4;1;0;0;0;0;0;3;0;23;0;0;9;3540;0;914;596;0;0;0;732;0;24;0;0;6670;2216;0;0;0;134;0;3506;0;0;0;1;0;17;0
"Krakauer";0;0;58;0;0;0;0;0;0;0;0;46;0;12;0;0;190;12485;0;9837;1559;74;19;0;5928;0;939;0;0;24937;2615;0;0;0;3303;0;11260;0;35;0;0;0;439;77
"Grünkohl tiefgefroren";0;0;0;0;0;0;0;0;0;0;0;4;0;0;0;0;0;87;0;136;197;0;0;0;122;0;8;0;0;790;567;0;0;0;5;0;79;0;0;0;0;0;5;0
"Aubergine frisch";0;0;0;0;0;0;0;0;0;0;0;0;0;0;0;0;0;18;0;39;36;0;0;0;29;0;2;0;0;144;87;0;0;0;10;0;16;0;0;0;0;0;0;0
"Porree frisch";0;0;0;0;0;0;0;0;0;0;0;0;0;0;0;0;0;8;0;57;68;0;0;0;54;0;0;0;0;272;207;0;0;0;3;0;8;0;0;0;0;0;0;0
"Kidney-Bohnen Konserve gegart abgetropft";0;0;0;0;0;0;0;0;0;0;0;0;0;0;0;0;0;26;0;42;79;0;0;0;38;0;0;0;0;273;205;0;0;0;4;0;26;0;0;0;0;0;0;0
"Grapefruit frisch";0;0;0;0;0;0;0;0;0;0;0;0;0;0;0;0;0;31;0;31;30;0;0;0;29;0;2;0;0;120;58;0;0;0;2;0;29;0;0;0;0;0;0;0
"Banane";0;0;0;1;0;0;0;0;0;0;0;1;0;0;0;0;0;23;0;68;36;0;0;0;60;0;3;0;0;143;53;1;0;0;5;0;20;0;0;0;0;0;1;0
"Stachelbeere frisch";0;0;0;0;0;0;0;0;0;0;0;0;0;0;0;0;0;21;0;16;40;0;0;0;12;0;2;0;0;160;123;0;0;0;4;0;19;0;0;0;0;0;0;0
"Bohne weiß frisch gegart";0;0;0;0;0;0;0;0;0;0;0;0;0;0;0;0;0;50;0;82;153;0;0;0;73;0;0;0;0;527;395;0;0;0;9;0;50;0;0;0;0;0;0;0
"Hanfsamen";0;0;0;0;49,3;0;0;0;0;0;0;3,5;0;49,3;0;0;19,5;3000;0;3200;0;19,4;6,2;0;1729,4;0;10,8;0;0;32700;26500;0;0;0;1298;0;2961,8;0;6,2;0;29,1;1,7;15,9;0
"Rum";0;0;0;0;0;0;0;0;0;0;0;0;0;0;0;0;0;0;0;0;0;0;0;0;0;0;0;0;0;0;0;0;0;0;0;0;0;0;0;0;0;0;0;0
"Käsekuchen aus Mürbeteig";0;393;118;295;0;0;0;0;0;0;0;361;0;65;0;0;23;4448;0;7747;1094;99;109;0;3553;0;363;251;644;11952;838;437;0;0;1282;0;3724;142;131;76;0;0;1175;153
"Gänseleberpastete";0;0;370;0;14;0;0;0;0;0;0;27;0;8;0;0;126;7412;0;6171;1702;19;8;0;3689;0;511;0;0;15912;2329;0;0;0;2209;0;6767;0;8;0;0;0;197;0
"Fleischwurst Konserve";0;0;55;0;0;0;0;0;0;0;0;58;0;2;0;0;231;14254;0;10868;1547;5;2;0;6582;0;917;0;0;28567;3445;0;0;0;3844;0;13103;0;2;0;0;0;375;1
"Tomatensalat mit Essigmarinade und Zwiebeln (Zubereitung Haushalt)";0;0;0;0;26;4;0;0;0;0;0;0;0;15;0;0;7;898;0;491;211;0;0;0;254;0;5;0;0;3875;2486;0;0;0;185;0;882;0;0;0;7;0;4;0
"Bratwurst (Zubereitung Haushalt)";0;0;54;3;0;0;0;0;0;0;0;58;0;6;0;0;205;12241;0;9349;1415;12;5;0;5671;0;793;0;0;24540;2957;7;0;0;3258;0;11238;4;5;0;0;0;332;0
"Touristenwurst einfach";0;0;68;0;0;0;0;0;0;0;0;50;0;27;0;0;247;12628;0;9967;1459;64;28;0;6098;0;843;0;0;25447;2852;0;0;0;3301;0;11482;0;36;0;0;0;391;28
"Buchweizen";0;0;0;0;0;0;0;0;0;0;0;0;0;26;0;0;0;523;0;300;346;0;0;0;235;0;0;0;0;1384;561;0;0;0;32;0;523;0;0;0;0;0;7;0
"Weizen Mehl Type 550";0;0;0;0;0;0;0;0;0;0;0;1;0;7;0;0;3;131;0;165;316;0;0;0;146;0;4;0;0;814;518;0;0;0;8;0;124;0;1;0;0;0;2;0
"Thunfisch Konserve abgetropft";0;0;69;0;0;266;0;0;0;0;0;0;0;26;0;0;266;3820;0;4526;1478;53;0;0;2982;0;466;0;0;13311;4965;0;0;0;1012;0;2796;0;0;0;0;0;453;26
"Weißbrot-Weizenbrot";0;0;0;7;8;31;0;0;0;0;0;26;0;12;0;0;33;282;0;321;227;2;0;0;182;0;29;0;0;1040;453;16;4;0;47;0;189;9;1;0;0;0;27;0
"Rind Rücken (Roastbeef) (mager) frisch gegart";0;0;72;0;0;0;0;0;0;0;0;4;0;11;0;0;7;1687;0;1735;332;40;36;0;940;0;127;0;0;3613;191;0;0;0;614;0;1481;0;18;0;0;0;108;36
"Heidelbeere frisch";0;0;0;0;0;0;0;0;0;0;0;0;0;0;0;0;0;74;0;36;120;0;0;0;26;0;2;0;0;480;370;0;0;0;10;0;72;0;0;0;0;0;0;0
"Mischgemüse gedünstet (Zubereitung Großküche)";0;0;0;1;0;63;0;0;0;0;0;15;0;13;0;0;71;717;0;456;118;0;0;0;272;0;53;0;0;1615;444;2;0;0;98;0;530;1;0;0;0;0;56;0
"Rote Bete frisch";0;0;0;0;0;0;0;0;0;0;0;0;0;0;0;0;0;10;0;20;20;0;0;0;19;0;0;0;0;80;50;0;0;0;1;0;10;0;0;0;0;0;0;0
"Kapstachelbeere frisch";0;0;0;0;0;0;0;0;0;0;0;4;0;0;0;0;0;185;0;259;220;0;0;0;211;0;9;0;0;880;436;0;0;0;35;0;176;0;0;0;0;0;9;0
"Grünkern";0;0;0;0;0;0;0;0;0;0;0;2;0;16;0;0;8;315;0;393;756;0;0;0;350;0;10;0;0;1944;1236;0;0;0;19;0;297;0;2;0;0;0;4;0
"Weiße Lyoner";0;0;65;0;0;0;0;0;0;0;0;40;0;11;0;0;180;9897;0;7671;1097;18;11;0;4660;0;631;0;0;19938;2370;0;0;0;2633;0;9075;0;11;0;0;0;298;0
"Weiße Bohnen in Tomatensoße (Zubereitung Haushalt)";0;0;0;1;0;43;0;0;0;0;0;10;0;9;0;0;48;482;0;290;107;0;0;0;183;0;34;0;0;1171;401;2;0;0;61;0;357;1;0;0;0;0;25;0
"Erdnuss geröstet";0;0;0;0;899;0;0;0;0;0;0;0;0;527;0;0;0;16731;0;6985;0;0;0;0;3999;0;0;0;0;0;0;0;0;0;1242;0;16731;0;0;0;318;0;0;0
"Brötchen-Roggenbrötchen";0;0;0;0;0;0;0;0;0;0;0;1;0;1;0;0;4;107;0;136;267;0;0;0;127;0;3;0;0;701;458;0;0;0;6;0;100;0;0;0;0;0;1;0
"Endivien frisch";0;0;0;0;0;0;0;0;0;0;0;0;0;0;0;0;0;5;0;53;40;0;0;0;48;0;0;0;0;160;102;0;0;0;2;0;5;0;0;0;0;0;3;0
"Thüringer Rotwurst Konserve";0;0;94;0;1;0;0;0;0;0;0;29;0;26;0;0;172;7379;0;5947;870;44;26;0;3667;0;449;0;0;15086;1760;0;0;0;1931;0;6732;0;26;0;0;0;223;0
"Leinöl";0;0;7;0;95;0;0;0;0;0;0;95;0;95;0;0;0;18168;0;9987;4378;95;0;0;5707;0;95;0;0;95122;66967;0;0;0;3805;0;18073;0;0;0;0;0;95;0
"Basmatireis ungekocht";0;0;0;0;0;0;0;0;0;0;0;0;0;4;0;0;0;375;0;226;154;0;0;0;195;0;2;0;0;985;384;0;0;0;20;0;373;0;0;0;0;0;7;0
"Leberwurst grob";0;0;159;0;8;0;0;0;0;0;0;50;0;22;0;0;242;12603;0;9876;2102;57;23;0;5986;0;851;0;0;25723;3244;0;0;0;3369;0;11487;0;23;0;0;0;361;0
"Rote Bete Gemüsesaft";0;0;0;0;0;0;0;0;0;0;0;0;0;0;0;0;0;8;0;17;17;0;0;0;16;0;0;0;0;66;41;0;0;0;1;0;8;0;0;0;0;0;0;0
"Kolbacz";0;0;62;0;0;0;0;0;0;0;0;52;0;2;0;0;208;12785;0;9746;1396;5;2;0;5905;0;824;0;0;25647;3116;0;0;0;3442;0;11751;0;2;0;0;0;338;0
"Hefezopf aus Hefeteig fettarm";0;229;84;172;0;0;0;0;0;0;0;210;0;42;0;0;15;2809;0;4719;817;57;64;0;2230;0;227;146;375;7623;725;255;0;0;786;0;2369;83;77;45;0;0;687;89
"Johannisbeere schwarz frisch";0;0;0;0;0;0;0;0;0;0;0;0;0;0;0;0;0;34;0;26;40;0;0;0;22;0;2;0;0;160;100;0;0;0;4;0;32;0;0;0;0;0;0;0
"Fischstäbchen (Zubereitung Haushalt)";0;0;67;424;0;5;0;0;0;0;0;3352;0;73;0;0;13;751;0;6795;764;5;0;0;839;0;59;35;35;6990;469;990;0;0;234;0;674;566;1;0;0;0;1266;0
"Eisbergsalat frisch";0;0;0;0;0;0;0;0;0;0;0;0;0;0;0;0;0;10;0;31;40;0;0;0;27;0;3;0;0;160;119;0;0;0;4;0;7;0;0;0;0;0;0;0
"Geflügelsalami fettarm";0;0;69;0;0;1;0;0;0;0;0;14;0;7;0;0;53;2778;0;2703;466;11;24;0;1492;0;135;0;0;6179;698;0;0;0;977;0;2565;0;7;0;7;0;188;0
"Gesülzter Hackbraten";0;0;69;0;0;1;0;0;0;0;0;18;0;6;0;0;64;5958;0;4822;732;55;9;0;2894;0;522;0;0;11823;1043;0;0;0;1577;0;5279;0;29;0;0;0;243;83
"Pizza margherita (Zubereitung Gastronomie)";0;65;4;35;3;0;0;0;0;0;0;41;0;23;0;0;14;2681;0;1551;398;3;0;0;912;0;62;36;101;4716;636;51;0;0;241;0;2598;16;1;0;3;0;172;7
"Graubrot-Weizenmischbrot mit Sauermilch";0;12;1;9;0;0;0;0;0;0;0;11;0;5;0;0;4;201;0;327;250;3;3;0;198;0;11;8;20;900;405;13;0;0;38;0;177;4;4;2;0;0;35;4
"Preiselbeere Konfitüre";0;0;0;0;0;0;0;0;0;0;0;0;0;0;0;0;0;21;0;7;37;0;0;0;6;0;0;0;0;147;119;0;0;0;1;0;21;0;0;0;0;0;0;0
"Tomatensuppe (Zubereitung Haushalt)";0;48;4;36;0;0;0;0;0;0;0;44;0;7;0;0;3;480;0;909;101;13;13;0;402;0;41;31;79;1353;96;53;0;0;148;0;394;17;17;9;0;0;146;20
"Gerste Graupen";0;0;0;0;0;0;0;0;0;0;0;1;0;0;0;0;1;122;0;251;381;0;0;0;230;0;8;0;0;979;606;0;0;0;10;0;113;0;0;0;0;0;10;0
"Kräutertee (Getränk)";0;0;0;0;0;0;0;0;0;0;0;0;0;0;0;0;0;0;0;0;0;0;0;0;0;0;0;0;0;0;0;0;0;0;0;0;0;0;0;0;0;0;0;0
"Kalb Muskelfleisch";0;0;70;0;0;0;0;0;0;0;0;1;0;0;0;0;1;246;0;253;222;7;7;0;134;0;24;0;0;588;89;0;0;0;85;0;208;0;5;0;0;0;21;6
"Vollkornmehl";0;0;0;0;0;0;0;0;0;0;0;2;0;14;0;0;7;275;0;344;661;0;0;0;306;0;8;0;0;1699;1080;0;0;0;17;0;260;0;2;0;0;0;3;0
"Grünkern Schrot";0;0;0;0;0;0;0;0;0;0;0;2;0;16;0;0;8;315;0;393;756;0;0;0;350;0;10;0;0;1944;1236;0;0;0;19;0;297;0;2;0;0;0;4;0
"Oliven schwarz";0;0;0;0;34;0;0;0;0;0;0;0;0;137;0;0;103;25601;0;5270;1575;34;0;0;4107;0;342;0;0;34225;3354;0;0;0;856;0;25156;0;0;0;34;0;68;0
"Geflügelwiener Würstchen erwärmt";0;0;44;0;0;1;0;0;0;0;0;10;0;7;0;0;43;2125;0;2020;364;8;21;0;1143;0;89;0;0;4664;519;0;0;0;774;0;1971;0;5;0;0;0;73;0
"Jagdwurst (Süddeutsche und Norddeutsche)";0;0;59;0;0;0;0;0;0;0;0;31;0;10;0;0;145;7869;0;6037;999;23;10;0;3690;0;515;0;0;15782;1876;0;0;0;2054;0;7199;0;10;0;0;0;219;0
"Margarine";0;0;7;76;0;3442;0;0;0;0;0;765;0;688;0;0;3824;36712;0;20342;3520;0;0;0;12160;0;2677;0;0;76328;19426;152;0;0;4589;0;26769;76;0;0;0;0;1988;0
"Sauerkraut Konserve abgetropft";0;0;0;0;0;0;0;0;0;0;0;1;0;0;0;0;0;21;0;49;55;0;0;0;43;0;1;0;0;221;151;0;0;0;4;0;20;0;0;0;0;0;1;0
"Grünkohl frisch gegart";0;0;0;0;0;0;0;0;0;0;0;3;0;0;0;0;0;63;0;99;143;0;0;0;88;0;6;0;0;570;408;0;0;0;4;0;57;0;0;0;0;0;4;0
"Französische Schweinefleisch-Terrine";0;0;65;0;0;0;0;0;0;0;0;51;0;27;0;0;257;12668;0;9724;1982;69;27;0;5990;0;867;0;0;25382;2990;0;0;0;3188;0;11517;0;27;0;0;0;372;0
"Cabanossi";0;0;60;0;0;0;0;0;0;0;0;83;0;21;0;0;360;20564;0;15815;2624;53;27;0;9612;0;1359;0;0;41292;4913;0;0;0;5445;0;18810;0;22;0;0;0;579;8
"Couscous gekocht";0;0;0;0;0;0;0;0;0;0;0;0;0;0;0;0;0;78;0;96;192;0;0;0;87;0;0;0;0;488;314;0;0;0;9;0;78;0;0;0;0;0;0;0
"Butterkäse";0;799;54;600;0;0;0;0;0;0;0;733;0;111;0;0;44;7083;0;14258;1293;200;222;0;6130;0;577;511;1310;20008;866;889;0;0;2243;0;5774;289;266;155;0;0;2376;311
"Rind Fett";0;0;100;0;0;0;0;0;0;0;0;92;0;0;0;0;184;48097;0;40833;4536;1012;0;0;24187;0;6070;0;0;91964;3034;0;0;0;11955;0;40096;0;552;0;0;0;3035;1747
"Orange, Apfelsine";0;0;0;0;0;0;0;0;0;0;0;1;0;0;0;0;0;0;0;38;0;0;0;0;34;0;6;0;0;0;0;0;0;0;2;0;48;0;0;0;0;0;1;0
"Sojaeiweiß texturiert (""Sojafleisch"")";0;0;0;0;0;0;0;0;0;0;0;0;0;1;0;0;1;83;0;65;32;0;0;0;47;0;1;0;0;428;280;0;0;0;16;0;81;0;0;0;0;0;1;0
"Wollwurst, Geschwollene";0;0;51;0;0;0;0;0;0;0;0;48;0;5;0;0;199;11829;0;9020;1368;12;5;0;5480;0;768;0;0;23704;2855;0;0;0;3154;0;10857;0;5;0;0;0;316;0
"Lachs frisch";0;0;35;0;6;308;0;0;0;0;0;0;0;6;0;0;479;2447;0;1616;634;57;0;34;1033;0;342;0;0;5706;1643;0;0;0;211;0;1312;0;29;0;0;6;274;0
"Bierschinken Konserve";0;0;60;0;0;0;0;0;0;0;0;23;0;6;0;0;102;5579;0;4282;687;13;6;0;2614;0;363;0;0;11194;1333;0;0;0;1465;0;5108;0;6;0;0;0;155;0
"Bauernleberwurst";0;0;154;0;8;0;0;0;0;0;0;59;0;22;0;0;274;14574;0;11456;2044;46;22;0;6934;0;946;0;0;29748;3718;0;0;0;3958;0;13332;0;22;0;0;0;407;0
"Fleischkäse im Teigmantel";0;120;77;90;11;1;0;0;0;0;0;155;0;27;0;0;189;12598;0;10855;1542;34;35;0;6191;0;809;76;196;26997;3873;133;0;0;3413;0;11493;43;41;23;3;0;651;48
"Bratwurst geräuchert";0;0;72;0;0;0;0;0;0;0;0;42;0;25;0;0;220;10604;0;8137;1708;64;25;0;5019;0;730;0;0;21222;2481;0;0;0;2647;0;9629;0;25;0;0;0;315;0
"Milchschokolade Vollmilch-Nuß";0;73;9;55;0;0;0;0;0;0;0;75;0;273;0;0;7;11732;0;17996;1458;18;20;0;7640;0;182;47;120;30764;1238;82;0;0;9499;0;11480;27;24;14;0;0;265;29
"Basmatireis gekocht";0;0;0;0;0;0;0;0;0;0;0;0;0;2;0;0;0;115;0;71;47;0;0;0;60;0;0;0;0;304;118;0;0;0;7;0;115;0;0;0;0;0;2;0
"Vollkornteigwaren";0;0;0;0;0;0;0;0;0;0;0;2;0;14;0;0;7;291;0;364;700;0;0;0;324;0;9;0;0;1800;1145;0;0;0;18;0;275;0;2;0;0;0;4;0
"Brie";0;1129;93;847;0;0;0;0;0;0;0;1035;0;157;0;0;63;10009;0;20142;1826;282;314;0;8660;0;816;722;1851;28268;1223;1255;0;0;3169;0;8157;408;376;220;0;0;3357;439
"Pistazie geröstet und gesalzen";0;0;0;0;0;0;0;0;0;0;0;52;0;259;0;0;207;36594;0;7144;2553;0;0;0;6108;0;259;0;0;51761;8023;0;0;0;673;0;36128;0;0;0;0;0;52;0
"Magerquark";0;7;1;5;0;0;0;0;0;0;0;6;0;1;0;0;0;60;0;121;11;2;2;0;53;0;5;4;11;171;8;7;0;0;19;0;49;2;2;1;0;0;20;3
"Pistazie geröstet";0;0;0;0;0;0;0;0;0;0;0;53;0;264;0;0;211;37327;0;7286;2604;0;0;0;6230;0;264;0;0;52796;8183;0;0;0;686;0;36852;0;0;0;0;0;53;0
"Milchspeiseeis Vanille";0;82;9;62;0;0;0;0;0;0;0;76;0;12;0;0;5;732;0;1470;134;21;23;0;630;0;60;53;135;2065;90;92;0;0;231;0;596;30;28;16;0;0;245;32
"Rindergulasch ""deutsche Art"" (Zubereitung Haushalt)";0;30;24;22;19;3;0;0;0;0;0;33;0;20;0;0;12;2278;0;2194;413;38;25;0;1145;0;158;19;49;6435;2045;33;0;0;641;0;2024;11;25;6;5;0;186;50
"Zwiebelleberwurst einfach";0;0;122;11;2;0;0;0;0;0;0;57;0;39;0;0;238;14155;0;11761;1992;57;26;0;6972;0;922;0;0;29301;3396;11;0;0;4182;0;12936;0;20;12;0;0;421;21
"Spinat tiefgefroren gegart";0;0;0;0;0;0;0;0;0;0;0;0;0;0;0;0;0;27;0;43;70;0;0;0;35;0;6;0;0;281;211;0;0;0;6;0;21;0;0;0;0;0;2;0
"Waldpilze";0;0;0;0;0;0;0;0;0;0;0;0;0;0;0;0;0;9;0;161;136;0;0;0;149;0;2;0;0;544;374;0;0;0;10;0;7;0;0;0;0;0;2;0
"Rind Steak (mager) frisch gegart";0;0;72;0;0;0;0;0;0;0;0;4;0;11;0;0;7;1687;0;1735;332;40;36;0;940;0;127;0;0;3613;191;0;0;0;614;0;1481;0;18;0;0;0;108;36
"Leberwurst Aachener Frankfurter";0;0;142;0;8;0;0;0;0;0;0;61;0;14;0;0;266;15093;0;11774;2176;37;15;0;7092;0;997;0;0;30752;3885;0;0;0;4110;0;13815;0;15;0;0;0;437;0
"Kidney-Bohnen";0;0;0;0;0;0;0;0;0;0;0;0;0;0;0;0;0;103;0;169;315;0;0;0;151;0;0;0;0;1085;813;0;0;0;18;0;103;0;0;0;0;0;0;0
"Milchspeiseeis";0;82;9;62;0;0;0;0;0;0;0;76;0;12;0;0;5;732;0;1470;134;21;23;0;630;0;60;53;135;2065;90;92;0;0;231;0;596;30;28;16;0;0;245;32
"Dinkelvollkornbrötchen";0;0;0;0;22;0;0;0;0;0;0;5;0;9;0;0;15;897;0;541;576;1;1;0;384;0;5;0;0;3729;2291;0;0;0;111;0;876;0;0;0;6;0;3;0
"Grahambrötchen";0;0;0;7;8;33;0;0;0;0;0;27;0;13;0;0;35;305;0;347;260;2;0;0;201;0;31;0;0;1152;516;16;4;0;51;0;206;9;1;0;0;0;28;0
"Sojabohnen reif frisch gegart";0;0;0;0;9;0;0;0;0;0;0;9;0;28;0;0;18;2150;0;1378;692;0;0;0;983;0;18;0;0;9189;5661;0;0;0;331;0;2114;0;0;0;0;0;18;0
"Schokoladenpudding mit Vanillesoße (Zubereitung Großküche)";0;97;10;73;0;0;0;0;0;0;0;90;0;17;0;0;6;1012;0;1984;182;25;27;0;854;0;72;62;159;2870;141;108;0;0;407;0;851;35;33;18;0;0;291;38
"Kaffee mit Milch und Zucker (Getränk)";0;4;0;3;0;0;0;0;0;0;0;3;0;1;0;0;0;33;0;68;6;1;1;0;30;0;3;2;6;95;4;4;0;0;11;0;27;1;1;1;0;0;11;1
"Maultaschen ""schwäbisch"" (Zubereitung Haushalt)";0;0;73;0;0;0;0;0;0;0;0;6;0;10;0;0;24;2377;0;1887;580;16;3;0;1208;0;200;0;0;4928;664;0;0;0;562;0;2131;0;8;0;0;0;77;19
"Teigwaren aus Hartgrieß";0;0;0;0;0;0;0;0;0;0;0;1;0;7;0;0;3;139;0;176;336;0;0;0;156;0;4;0;0;864;549;0;0;0;9;0;132;0;1;0;0;0;2;0
"Leberwurst fein";0;0;160;0;9;0;0;0;0;0;0;54;0;13;0;0;236;13412;0;10504;2006;34;14;0;6317;0;885;0;0;27432;3516;0;0;0;3695;0;12277;0;14;0;0;0;368;0
"Margarine halbfett Linolsäure <30%";0;0;4;38;0;1721;0;0;0;0;0;382;0;344;0;0;1912;18357;0;10170;1760;0;0;0;6080;0;1338;0;0;38164;9713;76;0;0;2294;0;13386;38;0;0;0;0;994;0
"Semmelbrösel";0;0;0;0;0;0;0;0;0;0;0;10;0;0;0;0;0;282;0;454;630;0;0;0;345;0;16;0;0;1470;734;0;0;0;75;0;266;0;0;0;0;0;24;0
"Linsen gekeimt frisch";0;0;0;0;0;0;0;0;0;0;0;0;0;0;0;0;0;107;0;58;113;0;0;0;52;0;0;0;0;387;222;0;0;0;6;0;107;0;0;0;0;0;0;0
"Tahini aus rohem Sesam";0;0;0;0;0;0;0;0;0;0;0;0;0;0;0;0;46;18172;0;6470;2112;0;0;0;4359;0;138;0;0;45888;21246;0;0;0;2019;0;17988;0;0;0;0;0;92;0
"Edelkastanien (Marone) gegart";0;0;0;0;0;0;0;0;0;0;0;0;0;9;0;0;18;1036;0;307;140;0;0;0;271;0;14;0;0;1854;511;0;0;0;20;0;1004;0;0;0;0;0;7;0
"Gemüsepaprika grün frisch";0;0;0;0;0;0;0;0;0;0;0;0;0;0;0;0;0;19;0;54;60;0;0;0;37;0;1;0;0;240;167;0;0;0;10;0;18;0;0;0;0;0;7;0
"Vollkornbrötchen mit Sonnenblumenkernen";0;0;0;0;15;2;0;0;0;0;0;1;0;17;0;0;9;666;0;469;505;0;0;0;315;0;8;0;0;3160;2025;0;0;0;112;0;647;0;1;0;4;0;4;0
"Wurstkuchen mit Mürbeteig";0;323;109;242;0;0;0;0;0;0;0;320;0;54;0;0;117;9317;0;10703;1442;85;92;0;5530;0;657;206;529;21179;2046;358;0;0;2595;0;8263;116;110;62;0;0;1122;126
"Meerrettich frisch";0;0;0;0;0;0;0;0;0;0;0;0;0;0;0;0;0;27;0;46;60;0;0;0;42;0;2;0;0;240;167;0;0;0;4;0;25;0;0;0;0;0;0;0
"Pommes frites mit Mayonnaise";0;0;17;86;159;374;0;0;0;0;0;308;0;110;0;0;407;5466;0;4041;902;41;0;0;1901;0;340;7;7;16609;7306;197;49;0;954;0;4336;111;11;0;17;0;336;9
"Vollkornbrot-Weizen, Roggenvollkornschrottoastbrot";0;0;0;35;37;147;0;0;0;0;0;124;0;41;0;0;151;1048;0;1215;453;12;0;0;578;0;127;2;2;3273;1092;80;20;0;206;0;621;45;3;0;0;0;132;2
"Heidelbeere Konfitüre";0;0;0;0;0;0;0;0;0;0;0;0;0;0;0;0;0;28;0;14;44;0;0;0;10;0;1;0;0;177;135;0;0;0;4;0;27;0;0;0;0;0;0;0
"Linsensuppe (Zubereitung Haushalt)";0;0;9;0;0;0;0;0;0;0;0;4;0;3;0;0;16;748;0;588;161;5;2;0;370;0;51;0;0;1592;256;0;0;0;182;0;679;0;2;0;0;0;22;0
"Gorgonzola";0;1061;102;796;0;0;0;0;0;0;0;973;0;147;0;0;59;9406;0;18928;1716;265;295;0;8138;0;767;678;1739;26566;1150;1179;0;0;2978;0;7666;383;354;206;0;0;3155;413
"Miso";0;0;0;0;6;0;0;0;0;0;0;6;0;17;0;0;11;1095;0;876;425;0;0;0;621;0;11;0;0;5645;3674;0;0;0;215;0;1073;0;0;0;0;0;11;0
"Brühwurst mit Fleischeinlage (nicht umgerötet)";0;0;100;0;0;0;0;0;0;0;0;43;0;12;0;0;179;10640;0;8355;1634;42;27;0;5033;0;719;0;0;21518;2523;0;0;0;2879;0;9699;0;20;1;0;0;326;15
"Geflügelmortadella fettarm";0;0;93;12;5;21;0;0;0;0;0;370;0;9;0;0;162;7759;0;6244;1592;75;0;0;3963;0;815;0;0;17488;3497;12;0;0;1435;0;6709;0;26;0;0;6;349;46
"Schweinebauch in Aspik";0;0;59;0;0;0;0;0;0;0;0;7;0;3;0;0;13;3093;0;3141;2448;81;80;0;1658;0;286;0;0;6951;717;0;0;0;1063;0;2630;0;52;0;0;0;277;84
"Linsen reif Konserve";0;0;0;0;0;0;0;0;0;0;0;0;0;3;0;0;3;60;0;51;78;0;0;0;45;0;0;0;0;270;159;0;0;0;3;0;57;0;0;0;0;0;0;0
"Trüffelmosaikpastete";0;0;59;0;0;0;0;0;0;0;0;42;0;10;0;0;186;10369;0;7962;1222;21;10;0;4856;0;669;0;0;20822;2491;0;0;0;2739;0;9504;0;10;0;0;0;284;0
"Frikadelle (Zubereitung Großküche)";0;0;78;2;1;77;0;0;0;0;0;23;0;26;0;0;106;2566;0;2005;502;25;19;0;1194;0;191;0;0;5375;808;4;0;0;601;0;2156;2;11;0;0;0;120;17
"Mais";0;0;0;0;0;0;0;0;0;0;0;0;0;59;0;0;0;1375;0;513;532;0;0;0;382;0;29;0;0;3268;1380;0;0;0;72;0;1346;0;0;0;0;0;0;0
"Dosenschinken";0;0;53;0;0;0;0;0;0;0;0;7;0;7;0;0;46;1954;0;1504;386;20;7;0;940;0;140;0;0;3901;443;0;0;0;460;0;1761;0;7;0;0;0;63;0
"Champignonpastete";0;0;0;0;0;0;0;0;0;0;0;40;0;11;0;0;179;9835;0;7557;0;24;11;0;4615;0;640;0;0;0;0;0;0;0;2584;0;9005;0;11;0;0;0;272;0
"Kichererbsen";0;0;0;0;0;0;0;0;0;0;0;0;0;0;0;0;0;152;0;497;540;0;0;0;421;0;22;0;0;2160;1511;0;0;0;65;0;130;0;0;0;0;0;11;0
"Sardine Konserve in Öl, abgetropft";0;0;140;0;71;46;0;0;0;0;0;0;0;15;0;0;1570;5849;0;2480;771;10;0;0;1950;0;1520;1;1;11590;3262;0;0;0;270;0;2710;0;9;0;18;0;136;3
"Eierpastete";0;0;106;0;0;0;0;0;0;0;0;43;0;18;0;0;193;11487;0;8580;1486;21;11;0;5294;0;728;0;0;22860;2793;0;0;0;2899;0;10555;0;11;0;0;0;294;0
"Pflaumen frisch";0;0;0;0;0;0;0;0;0;0;0;0;0;0;0;0;0;26;0;35;40;0;0;0;29;0;2;0;0;160;99;0;0;0;6;0;24;0;0;0;0;0;0;0
"Gurke";0;0;0;0;0;0;0;0;0;0;0;0;0;0;0;0;0;5;0;66;40;0;0;0;59;0;0;0;0;160;89;0;0;0;6;0;5;0;0;0;0;0;1;0
"Landjäger Würste";0;0;59;0;0;0;0;0;0;0;0;78;0;17;0;0;327;21039;0;16393;2565;111;20;0;9932;0;1581;0;0;41879;4447;0;0;0;5503;0;18990;0;54;0;0;0;698;121
"Rotkohl Konserve gegart";0;0;0;0;0;0;0;0;0;0;0;1;0;0;0;0;0;10;0;26;0;0;0;0;23;0;1;0;0;0;0;0;0;0;1;0;9;0;0;0;0;0;1;0
"Buschbohnen grün frisch";0;0;0;0;0;0;0;0;0;0;0;0;0;0;0;0;0;8;0;51;48;0;0;0;43;0;1;0;0;192;133;0;0;0;8;0;7;0;0;0;0;0;0;0
"Plockwurst";0;0;95;0;0;0;0;0;0;0;0;68;0;7;0;0;271;17428;0;13535;1960;26;22;0;8136;0;1131;0;0;35062;4099;0;0;0;4793;0;15983;0;12;0;0;0;493;21
"Rote Rübe frisch";0;0;0;0;0;0;0;0;0;0;0;0;0;0;0;0;0;10;0;20;20;0;0;0;19;0;0;0;0;80;50;0;0;0;1;0;10;0;0;0;0;0;0;0
"Putenschnitzel ""italienische Art"" (Zubereitung Gastronomie)";0;105;76;79;32;5;0;0;0;0;0;97;0;37;0;0;16;2519;0;2891;597;27;42;0;1408;0;135;67;172;8529;3408;117;0;0;633;0;2260;38;36;20;9;0;323;41
"Leinsamen geschrotet";0;0;0;0;57;0;0;0;0;0;0;4;0;57;0;0;48;7316;0;3676;1;22;15;0;1987;0;26;0;0;36918;25926;0;0;0;1491;0;7223;0;7;0;33;4;18;0
"Lebkuchenteigbackwaren";0;0;77;0;0;0;0;0;0;0;0;0;0;43;0;0;17;12827;0;2143;1194;0;0;0;1586;0;191;0;0;18612;3642;0;0;0;467;0;12619;0;0;0;0;0;47;0
"Champignonpastete mit Mürbeteig";0;156;59;118;0;0;0;0;0;0;0;184;0;51;0;0;228;11444;0;10765;1423;86;72;0;6120;0;737;100;256;24365;2587;175;0;0;3052;0;10316;57;81;30;0;0;760;61
"Schweinegrillschnitten                   ";0;0;67;2;0;0;0;0;0;0;0;22;0;8;0;0;97;5168;0;3984;734;18;8;0;2440;0;346;0;0;10419;1271;4;0;0;1336;0;4717;2;8;0;0;0;148;0
"Schwein Filet (mager) frisch";0;0;70;0;0;0;0;0;0;0;0;4;0;4;0;0;22;909;0;704;180;9;4;0;439;0;66;0;0;1820;207;0;0;0;215;0;817;0;4;0;0;0;29;0
"Filetblutwurst";0;0;53;0;0;0;0;0;0;0;0;33;0;2;0;0;136;8210;0;6260;902;4;2;0;3798;0;529;0;0;16453;1983;0;0;0;2205;0;7543;0;2;0;0;0;216;0
"Hanfnussöl";0;0;0;0;0;0;0;0;0;0;0;0;0;1598,9;0;0;411,5;12200;0;10700;0;0;0;0;5903,4;0;0;0;0;99800,2;76900;0;0;0;3197,7;0;11788,5;0;0;0;0;0;0;0
"Apfel-Streuselkuchen aus Mürbeteig fettreich";0;351;40;264;0;0;0;0;0;0;0;324;0;50;0;0;20;3265;0;6434;711;88;97;0;2826;0;266;224;575;9352;619;391;0;0;1017;0;2677;127;117;68;0;0;1046;137
"Hühnerei Vollei";0;0;396;0;0;0;0;0;0;0;0;0;0;46;0;0;0;4461;0;3328;1904;0;0;0;2417;0;372;0;0;9296;1507;0;0;0;837;0;4089;0;0;0;0;0;28;0
"Sardine Konserve abgetropft";0;0;15;0;0;99;0;0;0;0;0;0;0;4;0;0;54;1130;0;1207;420;0;0;0;659;0;401;0;0;4056;1719;0;0;0;258;0;576;0;8;0;0;0;278;0
"Cervelatwurst";0;0;76;0;0;0;0;0;0;0;0;60;0;5;0;0;245;15302;0;11768;1700;15;12;0;7105;0;990;0;0;30724;3654;0;0;0;4160;0;14046;0;6;0;0;0;417;9
"Kalbfleischwurst";0;0;61;0;0;0;0;0;0;0;0;45;0;1;0;0;161;12736;0;10623;4044;99;98;0;6088;0;925;0;0;26064;2705;0;0;0;3709;0;11430;0;66;0;0;0;615;122
"Hirse roh";0;0;0;0;0;0;0;0;0;0;0;0;0;33;0;0;0;841;0;886;485;0;0;0;675;0;15;0;0;3415;1688;0;0;0;169;0;826;0;0;0;0;0;9;0
"Eisbergsalat";0;0;0;0;0;0;0;0;0;0;0;0;0;0;0;0;0;10;0;31;40;0;0;0;27;0;3;0;0;160;119;0;0;0;4;0;7;0;0;0;0;0;0;0
"Petersilienblatt frisch";0;0;0;0;0;0;0;0;0;0;0;0;0;0;0;0;0;32;0;51;80;0;0;0;48;0;8;0;0;320;237;0;0;0;3;0;24;0;0;0;0;0;0;0
"Mandelmus";0;0;0;0;0;0;0;0;0;0;0;0;0;113;0;0;56;40199;0;4962;2719;0;0;0;3721;0;395;0;0;56381;11220;0;0;0;1015;0;39748;0;0;0;0;0;113;0
"Paranuss";0;0;0;0;0;0;0;0;0;0;0;0;0;0;0;0;64;21968;0;16987;2939;0;0;0;9962;0;255;0;0;63861;24906;0;0;0;6897;0;21649;0;0;0;0;0;128;0
"Zander tiefgefroren";0;0;70;0;0;8;0;0;0;0;0;0;0;0;0;0;18;170;0;154;219;10;0;0;92;0;52;0;0;511;187;0;0;0;26;0;92;0;3;0;0;0;23;0
"Brie Vollfettstufe";0;762;51;572;0;0;0;0;0;0;0;699;0;106;0;0;42;6752;0;13591;1232;191;212;0;5842;0;550;487;1249;19072;825;847;0;0;2138;0;5504;275;254;148;0;0;2265;296
"Erdnussbutter, -mus";0;0;0;0;1189;0;0;0;0;0;0;0;0;666;0;0;666;25200;0;9844;2450;48;0;0;5326;0;48;0;0;47550;12506;0;0;0;2615;0;24486;0;0;0;0;0;0;0
"Fenchel";0;0;0;0;0;0;0;0;0;0;0;1;0;0;0;0;0;8;0;43;40;0;0;0;38;0;0;0;0;160;109;0;0;0;3;0;8;0;0;0;0;0;1;0
"Lamm Leber roh";0;0;371;0;37;0;0;0;0;0;0;4;0;19;0;0;30;1299;0;1642;1299;37;60;0;745;0;112;0;0;3722;781;0;0;0;744;0;1078;0;19;19;0;0;37;0
"Quark";0;7;1;5;0;0;0;0;0;0;0;6;0;1;0;0;0;60;0;121;11;2;2;0;53;0;5;4;11;171;8;7;0;0;19;0;49;2;2;1;0;0;20;3
"Apfelkuchen aus Rührmasse";0;261;74;197;0;0;0;0;0;0;0;241;0;44;0;0;15;2941;0;5180;761;66;72;0;2385;0;240;167;428;8064;663;292;0;0;853;0;2461;95;87;51;0;0;784;102
"Kuhmilch Trinkmilch fettarm";0;54;6;41;0;0;0;0;0;0;0;50;0;8;0;0;3;482;0;971;88;14;15;0;416;0;39;35;89;1362;59;61;0;0;153;0;393;20;18;11;0;0;162;21
"Puderzucker";0;0;0;0;0;0;0;0;0;0;0;0;0;0;0;0;0;0;0;0;0;0;0;0;0;0;0;0;0;0;0;0;0;0;0;0;0;0;0;0;0;0;0;0
"Brathähnchen Schenkel roh";0;0;87;11;11;0;0;0;0;0;0;11;0;32;0;0;106;3415;0;3670;616;21;21;0;2268;0;392;0;0;9710;2636;11;0;0;1200;0;2832;0;21;0;30;0;65;64
"Pökelwaren Eisbein";0;0;59;0;0;0;0;0;0;0;0;17;0;17;0;0;100;4157;0;3212;822;41;17;0;2005;0;300;0;0;8318;949;0;0;0;982;0;3740;0;17;0;0;0;133;0
"Granatapfel frisch";0;0;0;0;0;0;0;0;0;0;0;2;0;0;0;0;0;101;0;141;120;0;0;0;115;0;5;0;0;480;238;0;0;0;19;0;96;0;0;0;0;0;5;0
"Dinkelbrot (Vollkornbrot)";0;0;0;0;19;0;0;0;0;0;0;2;0;10;0;0;10;750;0;442;383;1;1;0;301;0;4;0;0;3157;1965;0;0;0;99;0;735;0;1;0;6;0;3;0
"Distelöl (Safloröl)";0;0;0;0;190;95;0;0;0;0;0;0;0;476;0;0;190;11795;0;8941;4378;0;0;0;5707;0;95;0;0;95122;74386;0;0;0;2473;0;11415;0;0;0;0;0;95;0
"Pute frisch";0;0;74;0;0;14;0;0;0;0;0;14;0;0;0;0;28;4182;0;4975;825;14;383;0;3402;0;709;0;0;14175;5018;0;0;0;1418;0;3048;0;14;0;0;0;113;0
"Chinakohl frisch gegart";0;0;0;0;0;0;0;0;0;0;0;0;0;0;0;0;0;39;0;71;57;0;0;0;63;0;4;0;0;229;119;0;0;0;8;0;35;0;0;0;0;0;0;0
"Bleichsellerie Gemüsesaft";0;0;0;0;0;0;0;0;0;0;0;0;0;0;0;0;0;13;0;28;33;0;0;0;24;0;3;0;0;131;90;0;0;0;2;0;10;0;0;0;0;0;2;0
"Zwetschge Konfitüre";0;0;0;0;0;0;0;0;0;0;0;0;0;0;0;0;0;4;0;6;7;0;0;0;5;0;0;0;0;30;20;0;0;0;1;0;4;0;0;0;0;0;0;0
"Hering frisch Fischzuschnitt";0;0;91;14;0;2344;0;0;0;0;0;14;0;27;0;0;1769;7610;0;3067;1500;27;0;0;1850;0;1323;0;0;13486;2823;14;0;0;162;0;2106;0;68;0;0;0;905;68
"Erbsen grün tiefgefroren gegart";0;0;0;0;0;0;0;0;0;0;0;0;0;0;0;0;2;160;0;190;101;0;0;0;121;0;11;0;0;408;58;0;0;0;59;0;147;0;0;0;0;0;10;0
"Milchreis (Zubereitung Gastronomie)";0;93;10;70;0;0;0;0;0;0;0;86;0;14;0;0;5;859;0;1699;170;24;26;0;743;0;68;59;152;2446;144;104;0;0;265;0;706;34;32;18;0;0;279;36
"Reisbrot";0;0;0;7;8;31;0;0;0;0;0;26;0;13;0;0;33;342;0;388;316;2;0;0;240;0;30;0;0;1327;613;16;4;0;52;0;248;9;1;0;0;0;30;0
"Weizenkeimöl";0;0;0;0;0;0;0;0;0;0;0;0;0;761;0;0;476;17598;0;16171;4378;0;0;0;13888;0;476;0;0;95122;61353;0;0;0;1427;0;16646;0;0;0;0;0;95;0
"Pinienkern";0;0;0;0;0;0;0;0;0;0;0;0;0;339;0;0;921;19630;0;6106;2231;0;0;0;4023;0;145;0;0;48469;22733;0;0;0;1696;0;18564;0;0;0;0;0;48;0
"Dattel frisch";0;0;0;0;0;0;0;0;0;0;0;2;0;0;0;0;0;84;0;118;100;0;0;0;96;0;4;0;0;400;198;0;0;0;16;0;80;0;0;0;0;0;4;0
"Hirse Korn geschält roh";0;0;0;0;0;0;0;0;0;0;0;0;0;37;0;0;0;947;0;997;0;0;0;0;760;0;17;0;0;0;0;0;0;0;190;0;930;0;0;0;0;0;10;0
"Edelkastanien (Maronen) geröstet";0;0;0;0;29;30;0;0;0;0;0;0;0;38;0;0;320;6100;0;1254;597;10;0;0;913;0;47;0;0;10306;2952;0;0;0;236;0;5691;0;3;0;11;12;14;0
"Tee grün (Getränk)";0;0;0;0;0;0;0;0;0;0;0;0;0;0;0;0;0;0;0;0;1;0;0;0;0;0;0;0;0;0;0;0;0;0;0;0;0;0;0;0;0;0;0;0
"Schlackwurst";0;0;65;0;0;0;0;0;0;0;0;68;0;18;0;0;297;17077;0;13164;2188;48;25;0;7994;0;1130;0;0;34274;4033;0;0;0;4533;0;15615;0;19;0;0;0;484;10
"Brathähnchen Brustfilet gebraten (zubereitet ohne Fett)";0;0;74;1;1;0;0;0;0;0;0;1;0;1;0;0;7;270;0;202;37;1;1;0;145;0;34;0;0;632;161;1;0;0;44;0;224;0;1;0;0;0;7;4
"Graubrot-Roggenmischbrot mit Sonnenblumenkernen";0;0;0;0;14;2;0;0;0;0;0;1;0;10;0;0;8;569;0;358;304;0;0;0;223;0;5;0;0;2610;1683;0;0;0;103;0;554;0;0;0;4;0;3;0
"Wassermelone roh";0;0;0;0;0;0;0;0;0;0;0;0;0;0;0;0;0;26;0;56;40;0;0;0;45;0;4;0;0;149;67;0;0;0;9;0;22;0;0;0;0;0;2;0
"Knäckebrot-Roggenmischbrot mit Leinsamen";0;0;0;0;2;0;0;0;0;0;0;3;0;5;0;0;6;528;0;382;425;2;0;0;279;0;6;0;0;2918;2008;0;0;0;88;0;516;0;0;0;0;0;3;0
"Rind Niere frisch";0;0;375;0;0;0;0;0;0;0;0;7;0;0;0;0;15;817;0;1474;835;37;35;12;616;0;74;0;0;2465;174;0;0;0;715;0;666;0;25;15;0;0;74;12
"Porree frisch gegart";0;0;0;0;0;0;0;0;0;0;0;0;0;0;0;0;0;8;0;57;68;0;0;0;54;0;0;0;0;274;209;0;0;0;3;0;8;0;0;0;0;0;0;0
"Kartoffeln ungeschält roh";0;0;0;0;0;0;0;0;0;0;0;0;0;0;0;0;0;0;0;3;3;0;0;0;2;0;0;0;0;11;8;0;0;0;1;0;0;0;0;0;0;0;0;0
"Haselnuss geröstet";0;0;0;0;39;28;0;0;0;0;0;0;0;98;0;0;364;52288;0;5819;414;33;48;0;3992;0;162;0;0;66273;8166;0;0;0;1602;0;51675;0;9;0;16;11;30;0
"Dattel";0;0;0;0;0;0;0;0;0;0;0;2;0;0;0;0;0;84;0;118;100;0;0;0;96;0;4;0;0;400;198;0;0;0;16;0;80;0;0;0;0;0;4;0
"Kümmelwurst Rohwurst";0;0;56;0;0;0;0;0;0;0;0;52;0;3;0;0;210;13139;0;10085;1438;9;7;0;6090;0;848;0;0;26372;3148;0;0;0;3572;0;12068;0;4;0;0;0;355;6
"Thüringer Rotwurst";0;0;81;0;1;0;0;0;0;0;0;18;0;15;0;0;106;4729;0;3792;588;26;15;0;2331;0;293;0;0;9661;1140;0;0;0;1244;0;4315;0;15;0;0;0;142;0
"Mandeldrink ungesüßt";0;0;0;0;0,2;0,1;0;0;0;0;0;0,1;0;1,1;0;0;1;700;0;100;0;0,1;0;0;78,3;0;5,8;0;0;1100;0,3;0;0;0;19,9;0;693,2;0;0;0;0,1;0;0,3;0
"Reis Kleie";0;0;0;0;0;0;0;0;0;0;0;0;0;58;0;0;0;5974;0;2937;1264;0;0;0;2646;0;15;0;0;14536;5625;0;0;0;204;0;5959;0;0;0;0;0;29;0
"Kartoffelsuppe (Zubereitung Haushalt)";0;45;4;34;0;0;0;0;0;0;0;42;0;6;0;0;3;401;0;812;90;11;12;0;354;0;33;29;74;1178;89;50;0;0;127;0;327;16;15;9;0;0;133;17
"Buchweizenvollkornbrot";0;0;0;0;0;0;0;0;0;0;0;1;0;11;0;0;3;223;0;209;353;0;0;0;179;0;3;0;0;1011;579;0;0;0;14;0;217;0;1;0;0;0;3;0
"Burgunder Schinken in Aspik";0;0;67;0;0;0;0;0;0;0;0;4;0;4;0;0;21;1047;0;852;207;12;7;0;518;0;76;0;0;2120;221;0;0;0;270;0;939;0;5;0;0;0;39;4
"Sesam geröstet";0;0;0;0;27;28;0;0;0;0;0;0;0;264;0;0;323;23687;0;8115;2529;9;0;0;5990;0;170;0;0;52398;20596;0;0;0;1715;0;23155;0;3;0;10;11;97;0
"Zungenpreßkopf";0;0;85;8;0;0;0;0;0;0;0;67;0;25;0;0;238;10552;0;8215;1199;40;25;0;5178;0;709;0;0;21257;2498;8;0;0;2512;0;9580;0;25;0;0;0;360;0
"Preßköpfe";0;0;75;0;0;0;0;0;0;0;0;44;0;14;0;0;208;11154;0;8555;1412;32;14;0;5231;0;728;0;0;22366;2657;0;0;0;2910;0;10204;0;14;0;0;0;310;0
"Kasseler Kamm roh geräuchert";0;0;49;0;0;0;0;0;0;0;0;13;0;5;0;0;63;3538;0;3154;463;11;5;0;1800;0;170;0;0;7296;604;0;0;0;1180;0;3300;0;5;0;0;0;140;0
"Glühwein";0;0;0;0;0;0;0;0;0;0;0;0;0;0;0;0;0;7;0;7;5;0;0;0;5;0;0;0;0;18;4;0;0;0;1;0;7;0;0;0;0;0;1;0
"Walnussöl";0;0;1;0;0;0;0;0;0;0;0;0;0;666;0;0;761;16171;0;10749;4378;0;0;0;7039;0;190;0;0;95122;68202;0;0;0;1998;0;15220;0;0;0;0;0;1046;0
"Kokosnuss Mehl";0;2,7;0;926,3;1,5;0;0;0;0;0;0;6747,1;0;9,7;0;0;3,8;900;0;13000;0;1,5;0;0;1036,2;0;2;118,1;120,9;11662,2;100;2216,9;0;0;394,4;0;858,6;1290,6;1,5;0;2,7;0;2467,7;0
"Fladenbrote";0;0;0;7;8;31;0;0;0;0;0;26;0;12;0;0;33;282;0;321;227;2;0;0;182;0;29;0;0;1040;453;16;4;0;47;0;189;9;1;0;0;0;27;0
"Graubrot mit Käse";0;26;2;20;0;0;0;0;0;0;0;25;0;6;0;0;5;320;0;578;255;7;7;0;303;0;22;17;43;1216;390;29;0;0;77;0;271;9;9;5;0;0;79;10
"Schinkenpreßkopf";0;0;69;0;0;0;0;0;0;0;0;29;0;29;0;0;175;7235;0;5871;823;48;30;0;3620;0;441;0;0;14768;1662;0;0;0;1861;0;6588;0;29;0;0;0;255;1
"Graubrot-Roggentoastbrot";0;0;0;35;37;146;0;0;0;0;0;123;0;38;0;0;150;1007;0;1163;363;12;0;0;536;0;125;2;2;3047;958;79;20;0;203;0;584;44;2;0;0;0;131;2
"Hirse Flocken";0;0;0;0;0;0;0;0;0;0;0;0;0;33;0;0;0;841;0;886;485;0;0;0;675;0;15;0;0;3415;1688;0;0;0;169;0;826;0;0;0;0;0;9;0
"Frühstücksfleisch";0;0;61;0;0;0;0;0;0;0;0;48;0;21;0;0;230;11714;0;8996;1679;52;21;0;5523;0;786;0;0;23491;2781;0;0;0;2994;0;10677;0;21;0;0;0;337;0
"Moosbeere frisch";0;0;0;0;0;0;0;0;0;0;0;0;0;0;0;0;0;87;0;42;140;0;0;0;31;0;3;0;0;560;431;0;0;0;11;0;84;0;0;0;0;0;0;0
"Saure Sahne 20 % Fett";0;680;65;510;0;0;0;0;0;0;0;624;0;95;0;0;38;6029;0;12133;1100;170;189;0;5215;0;491;435;1115;17029;738;756;0;0;1909;0;4914;246;227;132;0;0;2022;265
"Olivenpastete";0;0;55;0;2;0;0;0;0;0;0;41;0;19;0;0;190;11814;0;8175;1302;23;10;0;5041;0;681;0;0;22647;2658;0;0;0;2752;0;10933;0;10;0;2;0;285;0
"Hühnerei Vollei frisch";0;0;396;0;0;0;0;0;0;0;0;0;0;46;0;0;0;4461;0;3328;1904;0;0;0;2417;0;372;0;0;9296;1507;0;0;0;837;0;4089;0;0;0;0;0;28;0
"Cabanossi (Brühwurst)";0;0;50;0;0;0;0;0;0;0;0;56;0;14;0;0;236;14534;0;11306;1820;64;19;0;6849;0;1038;0;0;29078;3238;0;0;0;3836;0;13187;0;30;0;0;0;457;54
"Gemüsepaprika rot";0;0;0;0;0;0;0;0;0;0;0;0;0;0;0;0;0;32;0;91;100;0;0;0;62;0;2;0;0;400;277;0;0;0;17;0;30;0;0;0;0;0;12;0
"Lasagne al forno (Zubereitung Gastronomie)";0;226;73;170;2;0;0;0;0;0;0;209;0;39;0;0;22;3443;0;4980;682;70;70;0;2326;0;250;144;370;8371;570;252;0;0;914;0;2957;82;81;44;1;0;716;100
"Straßburger Gänseleberwurst";0;0;378;1;15;0;0;0;0;0;0;29;0;7;0;0;121;7097;0;5940;1694;18;8;0;3561;0;498;0;0;15307;2271;1;0;0;2107;0;6470;0;8;0;0;0;194;0
"Joghurt teilentrahmt";0;51;5;38;0;0;0;0;0;0;0;47;0;7;0;0;3;453;0;909;83;13;14;0;390;0;37;33;84;1277;55;56;0;0;143;0;369;18;17;10;0;0;152;20
"Garnele frisch";0;0;152;1;0;21;0;0;0;0;0;12;0;0;0;0;24;352;0;278;519;6;12;0;188;0;67;0;0;1209;581;2;0;0;33;0;228;1;7;0;0;0;30;0
"Brühwurst";0;0;53;0;0;0;0;0;0;0;0;51;0;5;0;0;209;12455;0;9524;1359;8;5;0;5781;0;799;0;0;25007;3028;0;0;0;3342;0;11442;0;5;0;0;0;332;0
"Spitzpaprika rot";0;0;0;0;0;0;0;0;0;0;0;0;0;0;0;0;0;32;0;91;100;0;0;0;62;0;2;0;0;400;277;0;0;0;17;0;30;0;0;0;0;0;12;0
"Zungenwurst hell";0;0;68;3;0;0;0;0;0;0;0;51;0;11;0;0;190;10596;0;7919;1244;18;9;0;4883;0;689;0;0;21065;2553;3;0;0;2642;0;9708;0;9;0;0;0;302;0
"Kaffee mit Kondensmilch und Zucker (Getränk)";0;8;1;6;0;0;0;0;0;0;0;7;0;1;0;0;0;71;0;144;13;2;2;0;62;0;6;5;13;202;9;9;0;0;23;0;58;3;3;2;0;0;24;3
"Rinderbierschinken";0;0;65;0;0;0;0;0;0;0;0;21;0;11;0;0;84;5551;0;4554;743;35;29;0;2700;0;370;0;0;11296;1191;0;0;0;1577;0;5044;0;17;0;0;0;193;24
"Geflügelfleischkäse gekocht";0;0;62;0;0;1;0;0;0;0;0;12;0;10;0;0;59;2859;0;2712;485;11;27;0;1536;0;120;0;0;6250;679;0;0;0;1040;0;2652;0;7;0;0;0;96;0
"Hafer Vollkornflocken";0;0;0;0;0;0;0;0;0;0;0;54;0;0;0;0;73;2468;0;1245;450;0;0;0;1079;0;14;0;0;6200;2487;0;0;0;112;0;2381;0;0;0;0;0;0;0
"Zuckermelone - Honigmelone";0;0;0;0;0;0;0;0;0;0;0;0;0;0;0;0;0;13;0;26;20;0;0;0;22;0;2;0;0;54;15;0;0;0;4;0;11;0;0;0;0;0;0;0
"Füllung für Spanferkel";0;0;155;1;8;0;0;0;0;0;0;33;0;7;0;0;121;6916;0;5540;1192;20;9;0;3302;0;467;0;0;14448;1993;1;0;0;1937;0;6319;0;8;0;0;0;224;0
"Getrüffelte Zungenpastete";0;124;75;97;0;0;0;0;0;0;0;167;0;42;0;0;229;11435;0;10303;1414;70;58;0;5985;0;762;80;204;24024;2632;142;0;0;2935;0;10313;45;66;24;0;0;692;49
"Gurke frisch";0;0;0;0;0;0;0;0;0;0;0;0;0;0;0;0;0;5;0;66;40;0;0;0;59;0;0;0;0;160;89;0;0;0;6;0;5;0;0;0;0;0;1;0
"Casein";0;27;0;20;0;0;0;0;0;0;0;25;0;4;0;0;2;243;0;483;44;7;8;0;207;0;20;17;44;682;30;30;0;0;76;0;197;10;9;5;0;0;81;11
"Schwein Speck und Schinken";0;0;70;0;0;0;0;0;0;0;0;14;0;10;0;0;77;3564;0;2739;604;24;10;0;1695;0;247;0;0;7131;828;0;0;0;878;0;3230;0;10;0;0;0;108;0
"Makrele geräuchert";0;0;64;0;20;344;0;0;0;0;0;26;0;44;0;0;2271;7889;0;7161;0;190;111;0;3920;0;1156;0;0;22359;7309;0;0;0;774;0;3745;0;158;0;29;242;2000;20
"Zungenblutwurst";0;0;70;6;0;0;0;0;0;0;0;66;0;0;0;0;195;11215;0;8447;1253;1;0;0;5227;0;772;0;0;22389;2733;6;0;0;2805;0;10248;0;0;0;0;0;342;0
"Lupinenmehl";0;0;0;0;0;97,5;0;0;0;0;0;8,4;0;0;0;0;267,4;4100;0;1100;305,4;0;0;0;781,2;0;35,7;0;0;7830;2600;0;0;0;332,7;0;3731,4;0;0;0;0;0;13,7;0
"Eiscreme";0;91;11;67;0;0;0;0;0;0;0;83;0;13;0;0;5;810;0;1624;148;24;24;0;699;0;67;59;150;2284;99;99;0;0;255;0;660;32;30;19;0;0;271;35
"Wurst";0;0;74;0;0;0;0;0;0;0;0;57;0;5;0;0;228;14527;0;11227;1628;19;15;0;6762;0;940;0;0;29191;3437;0;0;0;3972;0;13330;0;8;0;0;0;404;14
"Pastinake roh";0;0;0;0;0;0;0;0;0;0;0;0;0;0;0;0;0;29;0;68;86;0;0;0;62;0;5;0;0;352;255;0;0;0;3;0;24;0;0;0;0;0;3;0
"Olivenöl";0;0;1;0;95;0;0;0;0;0;0;0;0;381;0;0;286;71224;0;14662;4382;95;0;0;11426;0;952;0;0;95218;9332;0;0;0;2380;0;69986;0;0;0;95;0;190;0
"Schinken-Käsesülze";0;129;67;98;0;0;0;0;0;0;0;124;0;27;0;0;37;2859;0;3687;619;50;46;0;1856;0;220;83;212;6736;547;145;0;0;782;0;2476;47;50;25;0;0;441;55
"Kartoffelstärke Mehl";0;0;0;1;0;0;0;0;0;0;0;3;0;0;0;0;0;2;0;25;20;0;0;0;16;0;1;0;0;79;53;1;0;0;4;0;1;0;0;0;0;0;1;0
"Mandeldrink gesüßt";0;0;0;0;0,2;0;0;0;0;0;0;0,1;0;1;0;0;0,9;700;0;100;0;0,1;0;0;78,3;0;5,8;0;0;1100;0,3;0;0;0;20;0;693,3;0;0;0;0,1;0;0,3;0
"Füllung für Kalbsbrust";0;151;117;114;1;3;0;0;0;0;0;166;0;37;0;0;114;8770;0;8551;1422;76;55;0;4745;0;664;97;248;18773;1870;170;0;0;2346;0;7809;56;68;30;0;0;694;95
"Blattspinat gegart";0;0;0;0;0;0;0;0;0;0;0;0;0;0;0;0;0;26;0;41;67;0;0;0;33;0;6;0;0;268;201;0;0;0;6;0;20;0;0;0;0;0;2;0
"Erdbeere frisch";0;0;0;0;0;0;0;0;0;0;0;0;0;0;0;0;0;64;0;23;80;0;0;0;18;0;1;0;0;320;233;0;0;0;5;0;63;0;0;0;0;0;0;0
"Tilsiter";0;942;95;707;0;0;0;0;0;0;0;864;0;131;0;0;52;8350;0;16806;1524;236;262;0;7225;0;681;602;1544;23585;1020;1047;0;0;2644;0;6806;340;314;183;0;0;2801;366
"Wiener Schnitzel (Zubereitung Großküche)";0;21;62;268;0;0;0;0;0;0;0;2009;0;48;0;0;4;1203;0;4986;942;20;21;0;985;0;99;35;56;6001;479;611;0;0;387;0;1055;343;17;4;0;0;853;20
"Graupenblutwurst";0;0;0;7;0;0;0;0;0;0;0;37;0;23;0;0;145;9215;0;7565;0;21;7;0;4563;0;595;0;0;0;0;0;0;0;2635;0;8448;0;4;0;0;0;275;20
"Schupfnudeln (Zubereitung Haushalt)";0;0;62;1;0;0;0;0;0;0;0;3;0;8;0;0;1;725;0;580;364;0;0;0;414;0;61;0;0;1653;349;1;0;0;136;0;663;0;0;0;0;0;18;0
"Kasseler Rippenspeer roh geräuchert";0;0;48;0;0;0;0;0;0;0;0;14;0;7;0;0;74;3845;0;3219;557;17;7;0;1941;0;251;0;0;7739;675;0;0;0;1105;0;3513;0;7;0;0;0;128;0
"Limette Fruchtsaft";0;0;0;0;0;0;0;0;0;0;0;0;0;0;0;0;0;273;0;307;336;0;0;0;281;0;44;0;0;1345;765;0;0;0;13;0;229;0;0;0;0;0;13;0
"Blumenkohl gedämpft";0;0;0;0;0;0;0;0;0;0;0;0;0;1;0;0;1;8;0;51;68;0;0;0;47;0;5;0;0;226;167;0;0;0;2;0;2;0;0;0;0;0;1;0
"Putenbrust gebraten, mit Soße (Zubereitung Großküche)";0;0;25;63;0;0;0;0;0;0;0;497;0;10;0;0;1;187;0;1114;103;0;10;0;201;0;24;5;5;1343;194;147;0;0;66;0;152;84;0;0;0;0;188;0
"Preßsäckel";0;0;75;0;0;0;0;0;0;0;0;44;0;14;0;0;208;11154;0;8555;1412;32;14;0;5231;0;728;0;0;22366;2657;0;0;0;2910;0;10204;0;14;0;0;0;310;0
"Vollkornbrot-Roggenvollkornbrot";0;0;0;0;0;0;0;0;0;0;0;1;0;1;0;0;6;106;0;135;0;0;0;0;128;0;3;0;0;0;0;0;0;0;4;0;97;0;0;0;0;0;1;0
"Sauermilchkäse (Harzer) Magerstufe";0;24;3;18;0;0;0;0;0;0;0;22;0;3;0;0;1;211;0;424;39;6;7;0;181;0;17;15;39;595;26;27;0;0;67;0;172;9;8;5;0;0;71;9
"Mandel süß Mehl";0;0;0;0;0;0;0;0;0;0;0;0;0;45;0;0;40;35388;0;4704;2829;0;0;0;3676;0;286;0;0;52062;11970;0;0;0;983;0;35062;0;0;0;0;0;0;0
"Rettich weiß frisch";0;0;0;0;0;0;0;0;0;0;0;0;0;0;0;0;0;15;0;33;30;0;0;0;29;0;0;0;0;120;72;0;0;0;4;0;15;0;0;0;0;0;0;0
"Pute Brust frisch";0;0;60;0;0;1;0;0;0;0;0;1;0;0;0;0;2;276;0;329;54;1;25;0;225;0;47;0;0;936;331;0;0;0;94;0;201;0;1;0;0;0;7;0
"Zwiebeln";0;0;0;0;0;0;0;0;0;0;0;0;0;0;0;0;0;28;0;84;44;0;0;0;59;0;0;0;0;206;94;0;0;0;24;0;28;0;0;0;0;0;1;0
"Grapefruit Fruchtsaft";0;0;0;0;0;0;0;0;0;0;0;0;0;0;0;0;0;26;0;26;25;0;0;0;24;0;2;0;0;97;45;0;0;0;2;0;24;0;0;0;0;0;0;0
"Orange Fruchtsaft";0;0;0;0;0;0;0;0;0;0;0;1;0;0;0;0;0;44;0;32;33;0;0;0;28;0;5;0;0;132;56;0;0;0;2;0;39;0;0;0;0;0;1;0
"Cabanossi Konserve";0;0;50;0;0;0;0;0;0;0;0;56;0;14;0;0;236;14534;0;11306;1820;64;19;0;6849;0;1038;0;0;29078;3238;0;0;0;3836;0;13187;0;30;0;0;0;457;54
"Puffreis";0;0;0;0;0;0;0;0;0;0;0;0;0;8;0;0;0;583;0;544;345;0;0;0;469;0;2;0;0;1955;828;0;0;0;49;0;581;0;0;0;0;0;18;0
"Kartoffeln ungeschält roh gegart mit Küchenabfall";0;0;0;0;0;0;0;0;0;0;0;0;0;0;0;0;0;0;0;3;2;0;0;0;2;0;0;0;0;9;6;0;0;0;1;0;0;0;0;0;0;0;0;0
"Blumenkohl gekocht";0;0;0;0;0;0;0;0;0;0;0;0;0;1;0;0;1;8;0;49;65;0;0;0;46;0;5;0;0;215;158;0;0;0;2;0;2;0;0;0;0;0;0;0
"Walnuss europäisch";0;0;0;0;0;0;0;0;0;0;0;0;0;417;0;0;476;10115;0;6725;3000;0;0;0;4403;0;119;0;0;59500;42660;0;0;0;1250;0;9520;0;0;0;0;0;655;0
"Rind Herz frisch";0;0;140;0;0;0;0;0;0;0;0;4;0;0;0;0;4;706;0;1301;557;27;38;0;574;0;40;0;0;2093;86;0;0;0;610;0;611;0;17;13;0;0;69;0
"Sardelle Konserve";0;0;10;0;0;16;0;0;0;0;0;0;0;3;0;0;8;393;0;602;162;0;0;0;377;0;131;0;0;1642;647;0;0;0;123;0;222;0;0;0;0;0;99;16
"Hühnerei Eiweiß frisch gegart";0;0;0;0;0;0;0;0;0;0;0;0;0;1;0;0;0;76;0;56;33;0;0;0;41;0;7;0;0;158;26;0;0;0;14;0;69;0;0;0;0;0;0;0
"Konfitüre, Marmelade mit Fruchtzucker für Diabetiker";0;0;0;0;0;0;0;0;0;0;0;0;0;0;0;0;0;34;0;28;25;0;0;0;21;0;0;0;0;101;39;0;0;0;6;0;34;0;0;0;0;0;1;0
"Schinkentorte";0;57;44;42;0;66;0;0;0;0;0;57;0;15;0;0;46;2068;0;2180;397;31;24;0;1159;0;147;36;93;4540;447;62;0;0;519;0;1747;20;25;11;0;3;219;24
"Sülzwürste";0;0;74;0;0;0;0;0;0;0;0;15;0;11;0;0;81;3728;0;2908;721;31;13;0;1790;0;262;0;0;7580;944;0;0;0;930;0;3372;0;12;0;0;0;119;0
"Wiener Würstchen Konserve";0;0;57;0;0;0;0;0;0;0;0;52;0;8;0;0;222;13060;0;10076;1431;17;11;0;6100;0;837;0;0;26261;3125;0;0;0;3520;0;11985;0;9;0;0;0;370;5
"Fenchelgemüse gedünstet (Zubereitung Haushalt)";0;139;12;104;0;0;0;0;0;0;0;128;0;19;0;0;8;1243;0;2541;286;35;39;0;1123;0;100;89;228;3718;316;154;0;0;394;0;1015;50;46;27;0;0;414;54
"Skyr";0;5,7;5;4,2;0;0;0;0;0;0;0;5,2;0;0,8;0;0;2;300;0;100;55,8;1,4;9,6;0;43,4;0;24,8;3,7;9,3;428,6;0;6,3;0;0;15,9;0;249,9;2,1;1,8;6,6;0;0;16,8;13,2
"Bierschinken-Pastete";0;128;67;96;0;0;0;0;0;0;0;142;0;43;0;0;151;7714;0;7161;1271;80;57;0;4036;0;513;82;210;16215;1692;142;0;0;1872;0;6918;46;65;25;0;0;571;50
"Parmesan";0;1184;82;888;0;0;0;0;0;0;0;1085;0;164;0;0;66;10490;0;21114;1914;296;329;0;9078;0;855;756;1940;29630;1282;1316;0;0;3321;0;8550;428;395;230;0;0;3519;460
"Köhler tiefgefroren gegart";0;0;85;0;0;47;0;0;0;0;0;0;0;0;0;0;38;280;0;129;323;1;12;0;76;0;28;0;0;754;345;0;0;0;40;0;155;0;1;0;0;0;11;0
"Rotkohl frisch gegart";0;0;0;0;0;0;0;0;0;0;0;1;0;0;0;0;0;11;0;29;33;0;0;0;26;0;1;0;0;132;92;0;0;0;1;0;10;0;0;0;0;0;1;0
"Bierschinken, Schinkenpastete";0;0;60;0;0;0;0;0;0;0;0;23;0;6;0;0;102;5579;0;4282;687;13;6;0;2614;0;363;0;0;11194;1333;0;0;0;1465;0;5108;0;6;0;0;0;155;0
"Brötchen-Weizenbrötchen";0;0;0;7;8;33;0;0;0;0;0;27;0;13;0;0;35;298;0;337;239;2;0;0;192;0;31;0;0;1097;478;16;4;0;50;0;199;9;1;0;0;0;28;0
"Curry-Bratwurst";0;0;51;0;0;0;0;0;0;0;0;49;0;5;0;0;199;11818;0;9016;1370;12;5;0;5477;0;768;0;0;23690;2856;0;0;0;3152;0;10846;0;5;0;0;0;316;0
"Ricotta Vollfettstufe";0;442;51;331;0;0;0;0;0;0;0;405;0;61;0;0;25;3914;0;7873;714;110;123;0;3385;0;319;282;724;11052;479;490;0;0;1239;0;3189;159;147;86;0;0;1312;172
"Rind Gulasch (mager) frisch gegart";0;0;63;0;0;0;0;0;0;0;0;4;0;13;0;0;9;2033;0;2089;399;48;44;0;1131;0;152;0;0;4353;231;0;0;0;740;0;1784;0;22;0;0;0;131;44
"Fleischwurst, Stadtwurst";0;0;50;0;0;0;0;0;0;0;0;48;0;2;0;0;194;11949;0;9119;1309;6;3;0;5524;0;770;0;0;23972;2904;0;0;0;3220;0;10981;0;2;0;0;0;317;1
"Mettwurst grob";0;0;65;0;0;0;0;0;0;0;0;52;0;2;0;0;212;12941;0;9860;1421;5;2;0;5977;0;834;0;0;25933;3132;0;0;0;3481;0;11893;0;2;0;0;0;341;0
"Schwartenmagen";0;0;162;0;0;0;0;0;0;0;0;13;0;7;0;0;57;4505;0;3902;1728;57;51;0;2224;0;344;0;0;9366;959;0;0;0;1321;0;3999;0;34;0;0;0;246;54
"Brötchen mit Milch";0;41;4;38;8;31;0;0;0;0;0;65;0;18;0;0;37;657;0;1066;302;13;12;0;502;0;60;26;67;2111;517;62;4;0;165;0;493;24;15;8;0;0;151;16
"Pute Truthahn gegart";0;0;85;0;0;15;0;0;0;0;0;15;0;0;0;0;30;4528;0;5385;893;15;415;0;3683;0;768;0;0;15345;5432;0;0;0;1535;0;3300;0;15;0;0;0;122;0
"Frischkäse Doppelrahmstufe";0;1072;103;804;0;0;0;0;0;0;0;982;0;149;0;0;60;9497;0;19109;1733;268;298;0;8213;0;774;685;1757;26819;1161;1191;0;0;3007;0;7740;387;357;208;0;0;3185;417
"Edamer";0;963;59;722;0;0;0;0;0;0;0;883;0;134;0;0;53;8529;0;17171;1557;241;267;0;7381;0;695;615;1578;24095;1043;1070;0;0;2701;0;6953;348;321;187;0;0;2862;374
"Seitan (braun)";0;0;0;0;0;0;0;0;0;0;0;0;0;60;0;0;1;699;0;309;354;0;0;0;221;0;9;0;0;1698;690;0;0;0;25;0;688;0;0;0;0;0;3;1
"Bismarckhering Konserve, abgetropft";0;0;83;11;1;1858;0;0;0;0;0;12;0;22;0;0;1323;5950;0;2322;1168;21;0;0;1401;0;980;0;0;10467;2206;11;0;0;134;0;1731;0;50;0;1;7;669;51
"Tatar (Schabefleisch) frisch";0;0;58;0;0;0;0;0;0;0;0;3;0;8;0;0;5;1282;0;1321;252;30;27;0;717;0;96;0;0;2748;145;0;0;0;467;0;1127;0;14;0;0;0;82;27
"Moosbeere";0;0;0;0;0;0;0;0;0;0;0;0;0;0;0;0;0;87;0;42;140;0;0;0;31;0;3;0;0;560;431;0;0;0;11;0;84;0;0;0;0;0;0;0
"Pfälzer, Augsburger, Regensburger";0;0;50;0;0;0;0;0;0;0;0;56;0;14;0;0;236;14534;0;11306;1820;64;19;0;6849;0;1038;0;0;29078;3238;0;0;0;3836;0;13187;0;30;0;0;0;457;54
"Weißer Fleischkäse";0;0;54;0;0;0;0;0;0;0;0;51;0;5;0;0;213;12692;0;9677;1461;13;5;0;5877;0;825;0;0;25428;3059;0;0;0;3387;0;11649;0;5;0;0;0;339;0
"Schwein Rücken (Kotelett) (mittelfett) frisch gegart";0;0;74;0;0;0;0;0;0;0;0;20;0;9;0;0;98;4935;0;3782;740;24;9;0;2324;0;336;0;0;9879;1162;0;0;0;1253;0;4492;0;9;0;0;0;143;0
"Bratkartoffeln (Zubereitung Gastronomie)";0;167;14;126;0;0;0;0;0;0;0;157;0;23;0;0;9;1482;0;3007;289;42;46;0;1299;0;122;107;274;4258;229;186;0;0;473;0;1208;60;56;32;0;0;497;65
"Xylit";0;0;0;0;0;0;0;0;0;0;0;0;0;0;0;0;0;0;0;0;0;0;0;0;0;0;0;0;0;0;0;0;0;0;0;0;0;0;0;0;0;0;0;0
"Suppenhuhn Klein frisch gegart";0;0;86;9;9;0;0;0;0;0;0;9;0;9;0;0;51;4110;0;3039;497;17;9;0;2269;0;615;0;0;8522;1382;9;0;0;606;0;3426;0;9;0;0;0;102;9
"Brötchen-Weizenmischbrötchen";0;0;0;0;0;0;0;0;0;0;0;1;0;3;0;0;3;105;0;127;245;0;0;0;115;0;3;0;0;645;413;0;0;0;7;0;99;0;0;0;0;0;1;0
"Pizza tonno (Zubereitung Gastronomie)";0;0;7;3;13;16;0;0;0;0;0;14;0;32;0;0;55;4927;0;2521;651;13;0;0;1654;0;175;0;0;9520;2075;3;0;0;689;0;4672;0;0;0;6;0;97;9
"Haferflocken";0;0;0;0;0;0;0;0;0;0;0;48;0;0;0;0;65;2190;0;1105;399;0;0;0;957;0;12;0;0;5503;2208;0;0;0;100;0;2113;0;0;0;0;0;0;0
"Kondensmilch 10 % Fett";0;340;38;255;0;0;0;0;0;0;0;312;0;47;0;0;19;3015;0;6067;550;85;95;0;2610;0;246;217;557;8515;368;378;0;0;954;0;2457;123;113;66;0;0;1011;132
"Mettwurst schnittfeste Gruppe";0;0;56;0;0;0;0;0;0;0;0;64;0;17;0;0;284;16295;0;12554;2083;45;22;0;7625;0;1077;0;0;32699;3850;0;0;0;4323;0;14903;0;19;0;0;0;461;9
"Reisnudeln";0;0;0;0;0;0;0;0;0;0;0;0;0;0;0;0;0;0;0;0;560;0;0;0;0;0;0;0;0;0;0;0;0;0;0;0;0;0;0;0;0;0;0;0
"Kalbfleisch-Galantine";0;0;84;0;0;0;0;0;0;0;0;2;0;1;0;0;10;720;0;631;312;10;9;0;363;0;56;0;0;1557;206;0;0;0;212;0;638;0;6;0;0;0;37;7
"Kabeljau frisch Fischzuschnitt";0;0;50;0;0;4;0;0;0;0;0;0;0;0;0;0;8;80;0;128;201;2;0;0;101;0;12;0;0;469;261;0;0;0;19;0;56;0;1;0;0;0;5;0
"Spätzle (Zubereitung Gastronomie)";0;0;72;0;0;0;0;0;0;0;0;0;0;10;0;0;1;847;0;649;432;0;0;0;479;0;69;0;0;1910;414;0;0;0;155;0;777;0;0;0;0;0;5;0
"Wildbret-Galantine                     ";0;0;73;0;0;0;0;0;0;0;0;22;0;19;0;0;109;5345;0;4502;758;39;25;0;2689;0;358;0;0;10977;1130;0;0;0;1503;0;4830;0;25;0;0;0;205;23
"Champignon Konserve gegart abgetropft";0;0;0;0;0;0;0;0;0;0;0;0;0;0;0;0;0;4;0;55;45;0;0;0;50;0;2;0;0;181;122;0;0;0;3;0;2;0;0;0;0;0;2;0
"Sprotte frisch";0;0;109;0;0;2077;0;0;0;0;0;0;0;0;0;0;1330;7095;0;4722;1660;45;0;0;3108;0;971;0;0;14940;3123;0;0;0;299;0;2717;0;90;0;0;0;1180;0
"Buchweizen Vollkorn";0;0;0;0;0;0;0;0;0;0;0;0;0;26;0;0;0;514;0;295;340;0;0;0;231;0;0;0;0;1360;551;0;0;0;31;0;514;0;0;0;0;0;7;0
"Rührei (Zubereitung Haushalt)";0;126;331;94;0;0;0;0;0;0;0;115;0;55;0;0;7;4713;0;4925;1740;31;35;0;2913;0;391;80;206;10644;1351;139;0;0;1028;0;4207;45;42;24;0;0;396;49
