name;Vitamin A Retinoläquivalent;Vitamin A Retinol;Vitamin A Beta-Carotin;Vitamin B1 Thiamin;Vitamin B2 Riboflavin;Vitamin B3 Niacin, Nicotinsäure;Vitamin B3 Niacinäquivalent;Vitamin B5 Pantothensäure;Vitamin B6 Pyridoxin;Vitamin B7 Biotin (Vitamin H);Vitamin B9 gesamte Folsäure;Vitamin B12 Cobalamin;Vitamin C Ascorbinsäure;Vitamin D Calciferole;Vitamin E Tocopherole;Vitamin K
Hühnerei Vollei frisch;278;276;13;100;310;83;3100;1600;120;25;65;2;0;2,9;2022;48
Gnocchi gekocht;5;13;14;48;0,1;6;834;1601;327;18;1,4;11;10431;0,1;171;2
Kopfsalat mit Essigmarinade (Zubereitung Haushalt);1070;0;179;45;0;60;300;467;81;41;1,4;27;10028;0;7440;99
Salami Kroatische Art;0;5;5;973;2;265;3589;8272;652;618;3;3;2;0;419;19
Suppenhuhn Fleisch (mittelfett) frisch;0;32;32;60;0,4;170;6500;9983;900;350;2;8;0;0;300;0
Lyoner Wurst;0;4;4;708;1;194;2620;5020;472;446;2;2;26587;0;324;14
Marzipan Rohmasse;78;0;13;143;0;403;2717;4350;377;101;6,5;62;520;0;16978;0
Weintraube weiß frisch;25;0;4;45;0;25;230;297;65;75;1,5;5;4000;0;666;10
Kleber (Gluten);0;0;0;10;0;3;70;13570;16;10;1;10;0;0;100;10
Rhabarber frisch;70;0;12;30;0;30;250;367;85;30;1;3;10000;0;250;11
Papaya;165;0;27;30;0;39;300;583;218;30;1,8;2;80290;0;700;0
Tomatensoße mit Tomatenmark (Zubereitung Gastronomie);1476;51;358;133;0;78;1915;2432;555;257;3,9;29;20181;0,1;2811;73
Geflügel Döner;181;19;49;68;0,1;79;3146;5463;395;201;3;17;1655;0,1;498;29
Walnüsse geröstet;275;0;46;155;0;76;637;2604;447;475;9;35;1183;0;6814;15
Gouda mind. 45% Fett i. Tr.;150;260;285;15;1,9;161;100;4850;340;37;1,5;21;1000;1,3;760;0
Haferflockenbrei (Zubereitung Haushalt);19;53;57;79;0,2;149;161;1194;454;55;5,9;9;646;0,3;387;14
Kefir entrahmt;10;20;22;41;1;172;91;841;375;51;4;5;1014;0;41;2
Lachsschinkenpastete;1;3;3;638;1;167;1876;5093;391;432;1;2;16;0;270;13
Mais-Fladenbrot;187;0;31;234;0;69;1148;1765;259;28;4;3;0;0;939;26
Roggen Vollkorn;12;0;2;350;0;170;1810;3310;1500;290;5;56;0;0;1959;30
Schwein Schinken gekocht geräuchert;0;4;4;368;1;188;1611;5194;384;242;2;2;0;0;185;15
Blattspinat tiefgefroren;4672;0;779;92;0;217;585;1252;249;185;7;57;38192;0;1434;294
Weißkohl (Weißkraut) gegart;67;0;11;25;0;23;187;404;189;74;1;41;21366;0;1762;83
Maiskeimöl;140;0;23;0;0;0;0;0;0;0;0;0;0;0;33774;60
Brathähnchen Brustfilet roh;0;27;27;70;0,4;90;10500;15050;840;530;2;9;0;0;250;0
Schweineschmalz, -fett;0;9;9;0;0;0;0;17;0;20;0;0;0;0;1609;0
Plockwurst einfach;0;6;6;435;2;189;2872;6855;380;266;1;2;0;0;394;11
Hirse ganzes Korn roh;0;0;0;260;0;140;1800;4250;1200;750;1;32;0;0;50;1
Butterschmalz;200;850;883;0;0;0;10;60;10;1;0;0;0;1,6;3600;8
Frikadelle (Zubereitung Gastronomie);132;43;65;350;2,6;232;4088;7688;643;240;6,1;15;4474;0,3;871;79
Kalb Leber roh;0;28200;28200;280;60;2610;15000;19000;7900;170;75;240;35000;0,3;240;89
Stockwurst;1;7;7;350;2;175;2800;5817;373;241;1;2;23075;0;234;10
Bier;0;0;0;3;0,1;33;770;903;150;35;1,2;5;0;0;0;0
Camembert Doppelrahmstufe;200;370;403;40;1,8;400;1200;4833;700;200;4,8;60;1;0,7;770;35
Schwein Filet (mager) frisch gegart;0;7;7;590;2;251;3643;9343;510;328;5;3;0;0;478;21
Schnittkäse;150;280;305;40;1,9;300;100;5467;400;70;1,5;35;1;0,5;420;30
Debreziner Konserve;116;5;24;358;2;166;2527;5044;339;204;1;2;21146;0;303;9
Zucchini gedünstet mit Knoblauch (Zubereitung Haushalt);281;12;59;60;0;77;371;688;75;81;2;29;10492;0;458;35
Eier gekocht, gesalzen (Zubereitung Haushalt);13;275;277;70;2;216;66;3066;1276;96;19,9;52;0;3;2015;46
Rind Leber roh;0;17900;17900;266;65;3085;14700;19867;7300;961;100;592;32000;1,7;750;75
Krabbe klein (Shrimps) gegart;0;1;1;40;1;25;2302;5452;271;95;0;5;1194;1;3770;0
Wildreis gekocht;0;0;0;22;0;74;1908;2808;304;74;1;25;0;0;0;1
Sülzwurst hervorhebend;0;4;4;793;2;304;2926;6809;753;527;2;2;52;0;260;15
Geflügelbratwurst;1;2;2;176;0,7;100;9421;13071;563;439;8,4;6;476;0;765;3
Weißer Preßkopf;2;5;7;870;2;273;3797;7764;639;561;3;3;12;0;338;19
Rind Hackfleisch frisch;0;17;17;198;4,4;228;6466;10066;498;158;2,5;2;0;0;398;11
Sülzkotelett;221;6;157;546;1;157;1529;4629;352;460;1;2;48;0;124;13
Gänseleberkäse getrüffelt;1;5910;5910;521;31;1751;5300;9300;4378;711;75;444;26183;1;311;62
Pommes frites mit Ketchup;36;52;58;197;0;19;1381;1898;381;148;1,4;11;16690;0;419;2
Mango tiefgefroren;2601;0;434;42;0;47;657;824;150;122;2;34;32307;0;939;9
Zwiebeln gebraten (zubereitet ohne Fett);7;0;1;34;0;20;199;566;160;147;3,8;8;6338;0;70;1
Schnittkäse Vollfettstufe;153;285;311;41;2;305;102;5569;407;71;2;36;1;1;428;31
Zucker braun Rohzucker;0;0;0;6;0;6;30;30;0;0;0;0;700;0;0;0
Schinkenwurst Krakauer Art roh;0;6;6;526;2;192;2843;5926;436;313;2;2;1;0;345;11
Quark mit Kräutern Fettstufe;1540;47;304;78;0,4;243;610;1777;388;148;3;43;36543;0;1012;233
Pastete im Brotteig;0;3;3;734;1;205;2615;6348;516;474;2;2;0;0;290;16
Schwein Leber gegart;0;38856;38856;313;34,8;3582;15872;21172;6875;561;27,3;137;20516;0;714;0
Lauchzwiebel roh;1200;0;200;130;0;60;700;1017;110;200;0,9;17;25000;0;250;0
Kartoffelpüree (Zubereitung Gastronomie);29;40;45;76;0;69;843;1360;332;206;0,7;17;10449;0,1;165;21
Aprikose Konfitüre;296;0;49;10;0;12;0;67;32;8;0,1;0;1100;0;92;1
Klarer;0;0;0;6;0;8;0;0;0;0;0;0;0;0;0;0
Gerste Perlgraupen;0;0;0;92;0;80;3100;5350;500;220;4;20;0;0;200;1
Lakritze;0;0;0;32;0;24;537;1237;84;72;0,6;4;1295;0;120;4
Westfälische grobe Mettwurst;0;3;3;775;1;213;2897;6530;530;469;2;2;0;0;363;15
Helle Zungenwurst Konserve;71;3;15;547;1;218;2236;5203;651;371;2;3;100;0;310;10
Schalotte roh;1;0;0;40;0;60;600;1100;110;200;0,9;17;13000;0;310;0
Cornflakes mit Zucker, Honig geröstet;154;0;26;46;0;51;1219;1986;121;60;2;3;242;0;159;3
Haferdrink;0;0;0;100;0,4;200;100;400;100;0;2;6;0;1,1;0;1,5
Spargel weiß gegart;518;0;87;61;0;70;670;987;484;44;2;48;9990;0;2263;45
Sojaerzeugnisse;267;0;45;603;0;151;1500;8933;934;502;24;100;4;0;1225;87
Marmorkuchen aus Rührmasse;89;194;209;33;1;84;251;1501;345;62;6;9;94;1;990;27
Weichkäse aus Ziegenmilch (45% Fett i. Tr.);100;280;297;45;2;460;1200;5567;310;200;5;50;1;0,7;400;0
Landjäger;0;5;5;416;2;177;2656;5456;366;232;1;2;0;0;343;9
Zuckererbsen frisch;408;0;68;170;0;150;2700;3300;750;160;3;33;25000;0;500;30
Weizen Grieß gegart;0;0;0;7;0;3;108;275;33;5;0;2;0;0;86;3
Feldsalat frisch;3900;0;650;70;0;80;380;713;200;250;1;30;35000;0;600;200
Hafer ganzes Korn roh;0;0;0;674;0;170;2370;5537;710;960;13;33;0;0;470;50
Weißbrot-Weizentoastbrot;21;16;20;93;0;124;724;1974;318;70;3;25;131;0;744;9
Walnüsse;48;0;8;340;0;120;1000;3167;820;870;19;77;2600;0;6040;2
Konfitüre Gelee Marmeladen;16;0;3;10;0;9;68;85;34;15;0;1;4042;0;165;1
Kiwi frisch;370;0;62;17;0;50;410;577;200;18;0,5;20;71000;0;500;10
Haselnusspastete;12;3;5;675;1;193;2433;5733;533;432;4;9;21109;0;1762;13
Lachs tiefgefroren;0;31;31;128;3;170;7500;10567;1020;818;7;20;1;16;2009;0
Pumpernickel;4;0;1;102;0;98;1329;2396;534;152;5;36;0;0;1004;31
Kaiserjagdwurst Konserve;1;3;3;655;1;176;2396;5496;450;411;2;2;21111;0;269;13
Mais-Vollkornfladenbrot;609;0;102;213;0;63;1287;2004;315;152;4;7;0;0;1219;27
Honig;0;0;0;3;0;50;130;213;70;159;0;0;2400;0;0;25
Vollkornbrot mit Sonnenblumenkernen;5;0;1;176;0;102;1443;2676;660;171;5,2;39;0;0;2520;30
Schaf Muskelfleisch;0;0;0;130;2,6;230;6000;10167;700;160;0;23;0;0;210;0
Rind Lunge frisch;0;55;55;90;3,3;340;4270;6887;1000;70;5,9;11;39000;0;500;0
Pak Choi frisch;425;0;71;30;0;40;400;633;200;110;0,5;83;26000;0;240;250
Champignon frisch;10;0;2;100;0;440;5200;5567;2100;65;16;25;4900;1,9;116;14
Knoblauchwurst einfach;0;5;5;143;2;139;2280;5163;202;76;1;1;3;0;300;5
Wurzelpetersilie frisch;30;0;5;100;0;86;2000;2433;130;230;0,5;22;41000;0;1700;50
Apfel Fruchtsaft;45;0;8;20;0;25;300;317;55;96;1;8;1400;0;501;0
Beerenobst;25;0;4;45;0;25;230;297;65;75;1,5;5;4000;0;666;10
Pecannuss frisch;80;0;13;860;0;130;2000;4783;1710;188;30;39;2000;0;3060;10
Schweinefilet im Netz                   ;361;32;92;689;1;220;2422;6355;532;429;2;11;2209;0;414;74
Geflügelwiener Würstchen;78;1;14;78;0,4;81;4920;8053;418;357;3,6;5;20892;0;397;0
Spekulatius aus Mürbeteig;101;164;181;46;0;94;691;2024;251;83;4;11;288;1;3185;24
Mosaik-, Schachbrettpastete und andere;56;4;13;565;1;160;2134;5034;410;374;2;2;23597;0;277;11
Kresse frisch;2190;0;365;150;0;190;1750;2667;180;300;0,9;110;59000;0;700;0
Banane frisch;230;0;38;44;0;57;650;950;230;370;5,5;20;12000;0;270;10
Rumpsteak (Zubereitung Großküche);0;23;23;123;3;188;5973;11423;1298;219;6;13;0;0;484;15
Linsen reif frisch;100;0;17;446;0;258;2230;5763;1570;575;9,1;233;1000;0;1143;223
Oliven;289;0;48;30;0;80;500;850;560;23;2;50;0;0;1990;0
Müsli;58;0;10;424;0;138;2256;4139;864;279;11,6;44;1732;0;3436;31
Kokosflocken aus Fondant;0;0;0;26;0;12;95;245;50;15;3;8;500;0;181;0
Gouda mind. 10% Fett i. Tr.;100;180;197;50;2,2;350;100;6067;400;70;1,7;40;0;0,3;480;0
Gelee einfach;15;0;3;8;0;7;55;72;27;12;0;0;2474;0;168;1
Tomatensoße italienisch (Zubereitung Großküche);691;3;287;73;0;70;1279;1746;303;147;2;17;11292;0;1393;39
Kohlrabi frisch;200;0;33;48;0;46;1800;2133;100;120;2,7;25;64000;0;400;7
Kokosnuss;0;0;0;61;0;8;380;1080;200;60;12;30;2000;0;700;0
Obstsalat süßsauer (Zubereitung Haushalt);121;0;20;39;0;33;283;400;141;112;1,8;11;13203;0;401;4
Kalbfleischsülze;205;1;144;66;1;226;4005;7188;950;382;0;10;41;0;125;10
Salami ungarische Art;9;4;6;745;1;210;2826;6459;486;460;2;2;0;0;382;14
Muffins mit Schokolade;54;61;71;41;0;130;640;2207;370;66;6;9;175;0;1468;10
Graubrot-Weizenmischbrot mit Sonnenblumenkernen;1;0;0;236;0;98;1132;2515;577;167;5,2;41;0;0;2240;23
Aprikose - Marille;1604;0;267;40;0;53;770;953;290;70;1;4;9400;0;500;3
Schinkenroulade;1;4;4;819;2;219;2970;6703;590;499;2;3;11789;0;336;17
Kartoffelsalat mit grüner Gurke und Mayonnaise (Zubereitung Gastronomie);136;6;84;56;0,1;44;725;1092;283;149;1,1;14;8583;0,1;468;38
Brötchen-Roggenbrötchen mit Sonnenblumenkernen;1;0;0;210;0;93;1322;2589;558;164;5;24;0;0;2274;32
Leberwurst einfach;1;1091;1092;220;3;361;2849;5066;709;176;3;16;1165;0;295;25
Bohnen grün tiefgefroren gegart;323;0;59;55;0;86;437;970;405;189;6;19;8711;0;161;27
Vollkornbrot-Mehrkornvollkornbrot;4;0;1;111;0;100;1478;2678;534;190;5;34;0;0;946;30
Kalbfleisch-Pastete;102;23;40;246;1;216;3503;6870;834;389;1;9;11;0;265;16
Hausmacher Blutwurst Konserve;16;5;8;74;1;41;479;3296;135;119;1;3;65;0;185;13
Salzstangen;0;0;0;10;0;40;700;2200;0;0;0;0;0;0;400;5
Mozzarella;85,8;234,3;248,6;0;1,4;363;66;4466;0;33;0;9,9;0;0;501,6;0
Brathähnchen Leber frisch;0;12800;12800;350;23;2490;11600;15417;7160;800;210;380;28000;1,3;400;80
Rote Bete gegart;9;0;2;16;0;31;168;351;95;36;0;48;6244;0;49;5
Agavendicksaft;0;100;100;100;0;200;700;700;0;200;0;30;17000;0;0;22,5
Shiitakepilz frisch;0;0;0;37;0;170;2000;2050;2500;50;15;25;2000;2;100;15
Mortadella Konserve;12;3;5;658;1;183;2455;4655;448;401;2;2;25854;0;363;14
Marmelade;16;0;3;10;0;9;68;85;34;15;0;1;4042;0;165;1
Griechischer Joghurt;0;0;0;100;0,2;100;400;1500;200;100;8,6;21;2000;0;0;3,4
Rind Pökelfleisch gekocht ungeräuchert;0;1;1;72;3;149;2515;5582;413;155;1;2;0;0;233;10
Schwein Nacken (Kamm) (fett) frisch gegart;0;9;9;466;2;197;2807;7707;326;310;4;2;0;0;530;17
Hirsch Fleisch (mager) frisch;0;1;1;250;1;250;0;3783;800;300;0,1;5;0;0;130;0
Geflügelleberwurst;1;10145;10146;361;34,1;2162;6290;10607;5119;671;71,2;433;25095;0,5;327;0
Haselnusspastete mit Mürbeteig;20;23;26;506;1;151;1818;4468;445;338;4;10;66;0;1984;14
Joghurt 10% mit Früchten;17;24;27;33;0,3;142;82;715;280;42;3;8;1462;0;96;4
Geflügelbierwurst;1;2;2;171;0,8;151;3195;7028;703;404;1,7;12;28;0;450;0
Schwarze Graupenwürstchen;205;8;144;120;1;95;1406;3323;371;225;1;7;499;0;145;8
Tofu frisch;25;0;4;60;0;30;500;2517;215;115;5;60;100;0;500;2
Rotwein leicht;1;0;0;1;0,1;20;100;100;200;20;1;1;1800;0;0;0
Kürbiskern geröstet;183;0;31;293;0;29;1205;10138;360;55;5;25;100;0;3604;0
Vollkornbrot mit Ölsamen;5;0;1;176;0;102;1443;2676;660;171;5,2;39;0;0;2520;30
Linsen reif gegart;35;0;6;120;0;80;648;1965;488;167;3;48;207;0;474;93
Bratwurst (nicht umgerötet);1;2;2;462;1;134;1798;4031;302;275;1;2;66;0;273;8
Amaranth roh;0;0;0;80;0;208;1286;4303;1047;223;1;49;4200;0;100;1
Brühwurst feingekuttert (umgerötet);0;4;4;708;1;194;2620;5020;472;446;2;2;26587;0;324;14
Avocado;112;0;19;70;0;100;1010;1010;0;270;0;20;0;3,4;2030;14
Hirschsalami;0;2;2;417;1;252;972;5022;657;362;1;4;24833;0;237;4
Cashewnuss geröstet und gesalzen;6;0;1;416;0;172;1765;7298;1167;245;12,7;67;0;0;1275;0
Geflügelknackwurst;78;1;14;78;0,4;81;4920;8053;418;357;3,6;5;20892;0;397;0
Knacker einfach, Schüblinge einfach;1;2;2;434;1;134;1824;4057;285;260;1;1;20589;0;280;9
Kiwi;370;0;62;17;0;50;410;577;200;18;0,5;20;71000;0;500;10
Erbswurst;24;1;5;381;0;132;1224;3074;599;120;3;57;124;0;349;32
Schnittkäse aus Ziegenmilch (50% Fett i. Tr.);0;342;342;0;0;230;270;5270;0;80;0;41;0;0;629;0
Milzwurst;19;14;17;312;2;220;2901;6068;525;211;1;4;731;0;288;15
Deutsche Salami;0;4;4;745;1;210;2825;6458;487;462;2;2;2;0;382;14
Haferkleieflocken;0;0;0;562;0;28;1000;3883;1090;98;20;87;0;0;800;63
Leinsamen;48;0;8;460;0;150;2560;9110;0;430;16,4;73;0;2,8;16000;4
Brötchen mit Sonnenblumenkernen;5;3;4;143;0;56;916;2333;272;102;3;11;1;0;2159;9
Sonnenblumenöl;26;0;4;0;0;0;0;0;0;0;0;0;0;0;62200;6
Geflügelmortadella gebraten (zubereitet ohne Fett);94;18;34;82;0,8;41;3731;6431;726;109;0,9;8;23073;0;351;1
Zwieback;0;0;0;130;0;70;1300;2833;0;90;0;0;0;0;200;5
Spaghetti gekocht, mit Butterflöckchen (Zubereitung Gastronomie);15;45;48;42;0;20;471;1254;70;7;0;3;8;0,1;632;2
Sonnenblumenkern roh;15;0;3;1900;0;260;5000;11000;0;1270;56;121;0;0;38840;0
Macadamianuss roh;0;0;0;280;0;120;1500;3283;610;280;6;50;0;0;1490;0
Chicoree frisch;3430;0;572;58;0;34;240;473;400;50;4,8;52;8689;0;100;200
Weiße Graupenwurst;178;5;128;240;1;129;1942;4075;430;242;2;7;529;0;198;11
Mortadella süddeutsch, Zungenwurst;75;3;16;610;1;360;2487;5737;778;414;2;4;123;0;337;10
Hüttenkäse Halbfettstufe;30;50;55;30;1;250;100;2833;570;60;6,4;15;1;0,1;70;5
Kasseler gebraten im Backofen ohne Fett;0;0;0;539;0,4;124;8120;13153;0;319;0;2;7407;0;309;0
Whisky;0;0;0;0;0;0;0;0;0;0;0;0;0;0;0;0
Margarine pflanzlich Linolsäure 30-50%;650;500;608;7;0;25;20;70;75;3;0;2;100;2,5;16000;51
Bohnen grün tiefgefroren;324;0;59;76;0;119;564;1097;522;262;8;34;14295;0;145;24
Geflügelmortadella gekocht;116;22;41;100;0,7;51;4046;7296;787;134;0,8;8;24814;0;431;1
Studentenfutter mit Erdnüssen;29;0;5;241;0;173;6564;9397;1125;269;19,7;72;655;0;8372;17
Corned Beef;0;10;10;30;1;100;3100;7083;400;140;2;2;0;0,2;150;20
Brötchen-Roggenmischbrötchen;0;0;0;115;0;65;671;1654;292;93;3;12;0;0;755;31
Pfefferminztee (Getränk);0;0;0;10;0;4;0;0;11;0;0;1;0;0;0;0
Erbsen grün Konserve;238;0;40;119;0;79;1177;1827;332;53;2;9;8244;0;170;20
Makrele roh Fischzuschnitt;0;100;100;130;9;360;7500;12000;460;630;4;1;0;4;1250;2
Kürbiscremesuppe (Zubereitung Haushalt);48;23;32;40;0;130;215;782;232;38;2,1;8;3331;0;929;10
Linsen-Eintopf (Zubereitung Gastronomie);429;2;86;109;0,4;81;1256;2439;381;195;1,8;35;6607;0;277;63
Hafer Schrot;0;0;0;520;0;170;2370;4703;710;960;13;33;0;0;841;50
Chilischote rot frisch;4105;0;684;120;0;150;2200;2500;60;280;3;52;225000;0;2900;5
Saure Sahne;60;110;120;40;0,5;190;100;767;420;40;4;12;1000;0,2;300;10
Papaya gegart;137;0;23;24;0;37;283;583;206;27;2;1;49075;0;778;0
Thunfisch Konserve in Öl, abgetropft;3;155;156;106;2;94;4965;8398;386;351;1;10;584;3;8263;1
Joghurt mit Magermilch angereichert teilentrahmt;10;20;22;30;0,6;210;130;1130;460;60;4,5;13;1000;0;50;2
Zwiebelwurst;2;2948;2948;331;8;840;3798;6331;2134;352;5;36;2350;0;478;92
Johannisbeere schwarz Konfitüre;15;0;4;5;0;5;33;116;44;9;0;0;6963;0;351;2
Pökelwaren Pökelfleisch;0;2;2;75;3;156;2627;5660;432;162;1;2;0;0;244;11
Pfälzer Saumagen;3;3;4;669;1;182;2535;5668;592;541;2;15;1551;0;213;31
Roggenfladenbrot;0;0;0;159;0;100;1194;2211;575;189;4;44;0;0;553;31
Spitzpaprika grün;535;0;180;52;0;43;330;530;230;270;3;18;139000;0;2519;14
Fleischwurst Pariser;0;4;4;708;1;194;2620;5020;472;446;2;2;26587;0;324;14
Kalbsleberwurst grob;1;2694;2695;443;8;774;3856;6673;1584;372;4;30;22754;0;374;36
Erdnuss roh;2;0;0;900;0;155;15400;20733;2900;440;34;169;0;0;10027;0
Apfelmus (Zubereitung Haushalt);31;0;6;17;0;17;110;143;58;28;0,7;3;5414;0;359;3
Buchweizenbrot;4;3;4;252;0;95;1761;2978;493;192;4;24;1;0;463;16
Heidelbeere tiefgefroren;32;0;6;19;0;19;376;409;150;56;1;6;25063;0;1945;9
Schwein Schinken roh geräuchert (Lachsschinken);0;5;5;694;1;169;2299;5666;401;499;2;2;0;0;219;15
Graubrot-Roggenbrot mit Käse;4;8;9;156;0,1;105;1164;2297;570;186;3,9;44;0;0;549;31
Blumenkohl tiefgefroren;11;0;2;78;0;91;595;1262;1057;176;2,2;40;49371;0;77;34
Dinkelbrötchen;1;0;0;370;0;172;2185;4152;738;214;13,7;81;26;0;3525;0
Cocktailtomaten;0;600;100;100;0;0;500;600;300;100;4;33;19300;0;0;0
Käsespätzle (Zubereitung Haushalt);18;86;89;25;0,6;80;160;1793;330;56;4,4;14;158;0,7;837;27
Knäckebrot-Roggenbrot;0;0;0;253;0;159;1900;3517;915;301;6;70;0;0;880;49
Gurkensalat mit Joghurt (Zubereitung Haushalt);325;7;61;24;0,1;65;178;395;251;38;1,4;17;6366;0;2283;12
Müsli-Riegel;109;0;18;253;0;121;839;2272;572;141;13,8;28;1842;0;7260;20
Schwein Rückenspeck;0;0;0;130;0,3;80;1580;2447;0;0;0;0;0;0;760;0
Reisdrink;0;0;0;0;0;0;0;100;0;0;0;0;0;0;0;0,1
Rostbratwurst;1;3;3;645;1;182;2453;5470;442;383;2;2;68;0;332;12
Traubenzucker;0;0;0;0;0;0;0;0;0;0;0;0;0;0;0;0
Mungobohnen reif;36;0;6;490;0;230;2300;6917;3500;500;7,5;140;3000;0;1900;130
Laugengebäck;13;9;11;82;0;67;476;2026;295;75;1;9;1;0;658;11
Rind Mark;0;0;0;0;0;0;0;283;0;0;0;0;0;0;0;0
Erdbeerkonfitüre;9;0;2;3;0;5;55;138;33;7;0;1;2395;0;22;3
Brathähnchen Brustfilet gekocht;0;17;17;43;0,2;96;7047;11630;564;356;1,6;5;0;0;154;0
Tiroler;0;7;7;749;2;241;3562;7862;603;503;2;3;23809;0;282;17
Tomatensoße aus frischen Tomaten (Zubereitung Haushalt);138;20;43;16;0;16;166;299;91;32;0,9;8;5066;0,1;786;8
Rind Milz frisch;0;95;95;130;5,1;300;3900;7317;1200;120;5,7;10;41000;0;200;0
Auberginenscheiben gebraten (Zubereitung Haushalt);81;34;48;34;0;42;559;809;203;73;0,9;21;3574;0,2;1142;8
Getreideerzeugnisse Frühstückscerealien;58;0;10;424;0;138;2256;4139;864;279;11,6;44;1732;0;3436;31
Krakauer;60;6;16;375;2;181;2835;5702;383;232;1;2;21816;0;285;10
Grünkohl tiefgefroren;5385;0;898;88;0;247;2072;3022;1042;219;1;46;80596;0;1864;274
Aubergine frisch;43;0;7;38;0;44;600;783;230;80;0,8;31;5000;0;30;5
Porree frisch;1000;0;167;86;0;68;530;797;140;250;1,6;56;24000;0;529;200
Kidney-Bohnen Konserve gegart abgetropft;3;0;1;48;0;28;240;1140;45;35;1,3;19;241;0;117;0
Grapefruit frisch;15;0;3;48;0;24;240;307;250;28;0,4;11;44000;0;250;3
Banane;230;0;38;44;0;57;650;950;230;370;5,5;20;12000;0;270;10
Stachelbeere frisch;210;0;35;20;0;20;250;383;200;15;0,5;8;35000;0;621;10
Bohne weiß frisch gegart;161;0;27;154;0;63;652;2019;308;136;3;58;591;0;99;90
Hanfsamen;0;0;0;500;0;200;2600;10100;0;400;16,4;73;0;2,8;0;4
Rum;0;0;0;8;0;0;0;0;0;0;0;0;0;0;0;0
Käsekuchen aus Mürbeteig;56;141;151;40;1;153;212;2079;477;65;8;12;297;1;778;22
Gänseleberpastete;31;5444;5449;371;33;2486;6113;9746;4882;679;67;432;1749;1;337;83
Fleischwurst Konserve;1;3;3;511;1;158;2161;4811;332;303;1;1;24031;0;343;10
Tomatensalat mit Essigmarinade und Zwiebeln (Zubereitung Haushalt);396;0;66;49;0;30;444;594;268;98;3,7;33;20365;0;3077;55
Bratwurst (Zubereitung Haushalt);1;2;2;452;1;131;1756;4056;295;269;1;2;65;0;267;8
Touristenwurst einfach;43;5;12;390;1;189;2398;6148;375;283;2;2;23134;0;330;13
Buchweizen;13;0;2;240;0;150;2900;5017;1200;580;5;50;0;0;844;7
Weizen Mehl Type 550;0;0;0;110;0;80;500;2500;400;100;1;16;0;0;200;0
Thunfisch Konserve abgetropft;0;155;155;107;2;94;4986;8603;388;353;1;10;587;3;591;0
Weißbrot-Weizenbrot;4;3;4;76;0;57;764;1931;189;106;2;17;1;0;340;9
Rind Rücken (Roastbeef) (mager) frisch gegart;0;18;18;60;4;189;3620;9337;293;112;3;3;0;0;567;15
Heidelbeere frisch;34;0;6;20;0;20;400;433;160;60;1,1;6;30000;0;2069;10
Mischgemüse gedünstet (Zubereitung Großküche);2774;9;563;87;0;70;769;1136;313;94;3,7;16;8471;0,1;715;42
Rote Bete frisch;11;0;2;22;0;42;230;430;130;50;0,1;93;10000;0;47;5
Kapstachelbeere frisch;900;0;150;60;0;40;2000;2383;200;50;0,1;8;28000;0;500;10
Grünkern;0;0;0;300;0;100;1500;3300;1200;300;6;50;0;0;300;30
Weiße Lyoner;0;4;4;686;1;188;2543;5860;457;434;2;2;0;0;314;13
Weiße Bohnen in Tomatensoße (Zubereitung Haushalt);104;6;24;86;0;32;411;961;167;79;1,8;40;1425;0;374;35
Erdnuss geröstet;0;0;0;266;0;23;14300;19633;2140;502;35,3;126;0;0;8000;0
Brötchen-Roggenbrötchen;0;0;0;143;0;90;1199;2266;456;150;4;23;0;0;585;33
Endivien frisch;1681;0;280;52;0;120;410;727;900;50;0,7;49;10000;0;1000;200
Thüringer Rotwurst Konserve;0;800;800;598;3;394;3034;7501;879;505;3;12;381;0;320;36
Leinöl;0;0;0;0;0;0;0;0;0;0;0;0;0;0;5821;25
Basmatireis ungekocht;0;0;0;126;0;5;1300;3017;630;48;3;11;0;0;100;1
Leberwurst grob;1;4164;4164;550;12;1122;4900;8217;2289;489;6;44;23237;0;350;44
Rote Bete Gemüsesaft;10;0;2;11;0;31;179;362;94;26;0;38;4152;0;49;5
Kolbacz;109;3;21;580;1;170;2252;5102;371;353;2;2;1;0;324;11
Hefezopf aus Hefeteig fettarm;47;118;126;54;0;101;471;1854;344;95;6;12;228;1;742;24
Johannisbeere schwarz frisch;81;0;23;50;0;45;300;517;400;80;2,4;8;189000;0;1903;10
Fischstäbchen (Zubereitung Haushalt);0;12;12;87;0,9;100;766;3183;165;227;5,5;7;461;0,9;391;3
Eisbergsalat frisch;3600;0;600;46;0;30;200;383;46;30;0,7;53;3900;0;570;112
Geflügelsalami fettarm;1;3;3;397;1,1;163;6666;11799;679;608;5,1;6;0;0;542;7
Gesülzter Hackbraten;124;17;101;342;2;185;2685;5602;464;262;2;6;84;0;273;12
Pizza margherita (Zubereitung Gastronomie);74;24;36;65;0,2;109;906;2356;248;125;3;46;1841;0;674;12
Graubrot-Weizenmischbrot mit Sauermilch;2;4;4;162;0;108;998;2265;460;148;5;38;98;0;580;25
Preiselbeere Konfitüre;4;0;1;2;0;2;11;44;13;1;0;0;442;0;183;2
Tomatensuppe (Zubereitung Haushalt);144;10;34;17;0;12;172;272;91;32;1;9;5987;0;288;5
Gerste Graupen;0;0;0;92;0;80;3100;5350;500;220;4;20;0;0;200;1
Kräutertee (Getränk);0;0;0;10;0;4;0;0;11;0;0;1;0;0;0;0
Kalb Muskelfleisch;0;1;1;80;1,4;280;7830;11730;1370;430;0;13;0;0;260;13
Vollkornmehl;10;0;2;470;0;170;5200;7100;1200;460;8,3;50;0;0;1500;30
Grünkern Schrot;0;0;0;300;0;100;1500;3300;1200;300;6;50;0;0;300;30
Oliven schwarz;40;0;7;20;0;70;100;650;15;14;0;45;0;0;500;0
Geflügelwiener Würstchen erwärmt;76;1;14;64;0,4;84;4553;7903;387;292;3,7;5;18198;0;389;0
Jagdwurst (Süddeutsche und Norddeutsche);1;3;3;655;1;176;2396;5496;450;411;2;2;21111;0;269;13
Margarine;650;500;608;7;0;25;20;70;75;3;0;2;100;2,5;16000;51
Sauerkraut Konserve abgetropft;14;0;3;7;0;27;85;318;115;98;0;3;5111;0;152;81
Grünkohl frisch gegart;4094;0;683;44;0;132;1109;1792;616;143;0;26;41581;0;1496;220
Französische Schweinefleisch-Terrine;164;3;30;723;1;206;2676;5893;536;433;2;8;1217;0;390;53
Cabanossi;184;5;36;463;2;190;2743;5526;389;253;1;2;0;0;377;10
Couscous gekocht;0;0;0;114;0;7;107;957;41;13;0,1;1;0;0;87;0
Butterkäse;140;260;283;40;2;320;100;4800;800;60;2,5;18;0;0,5;710;25
Rind Fett;0;22;22;0;0;0;0;150;0;0;0;0;0;0;1300;0
Orange, Apfelsine;90;0;15;79;0;42;300;467;240;50;2,3;24;50000;0;240;3
"Sojaeiweiß texturiert (""Sojafleisch"")";10;0;2;750;0;250;716;13366;57;400;20;340;0;0;100;0
Wollwurst, Geschwollene;1;2;2;462;1;134;1798;4031;302;275;1;2;66;0;273;8
Lachs frisch;0;41;41;170;2,9;170;7500;10567;1020;818;7,4;26;1;16,3;2232;0
Bierschinken Konserve;1;4;4;704;1;186;2537;5870;484;455;2;2;20112;0;255;15
Bauernleberwurst;7;3923;3924;394;11;1050;4367;7667;2071;400;5;40;1473;0;366;25
Fleischkäse im Teigmantel;116;26;45;462;1;156;1267;4034;326;314;1;5;5088;0;995;28
Bratwurst geräuchert;0;4;4;846;2;224;3068;6868;616;510;2;3;0;0;316;18
Milchschokolade Vollmilch-Nuß;20;24;27;88;0,6;344;614;2414;782;99;9,6;16;1720;0;1479;6
Basmatireis gekocht;0;0;0;29;0;1;367;1000;178;12;0,8;3;0;0;38;0
Vollkornteigwaren;0;0;0;670;0;110;3100;5333;800;200;1;40;0;0;250;0
Brie;200;370;403;40;1,8;400;1200;4833;690;200;6;60;0;0,7;860;35
Pistazie geröstet und gesalzen;132;0;23;549;0;233;1520;4437;1188;250;16,4;58;7157;0;4078;0
Magerquark;1;1;1;40;1;300;150;3083;740;60;7;30;700;0;10;1
Pistazie geröstet;135;0;23;560;0;238;1550;4533;1212;255;16,7;59;7300;0;4160;0
Milchspeiseeis Vanille;12;21;23;28;0,3;118;62;562;243;32;2,4;3;1178;0,1;49;3
"Rindergulasch ""deutsche Art"" (Zubereitung Haushalt)";531;11;100;38;1;101;1184;2634;218;73;2,1;6;2477;0;1977;114
Zwiebelleberwurst einfach;1;1091;1092;220;3;361;2849;5066;709;176;3;16;1165;0;295;25
Spinat tiefgefroren gegart;5207;0;868;57;0;161;435;1185;216;149;6;35;21283;0;1776;364
Waldpilze;0;0;0;100;0;400;5000;5500;2500;50;15;25;5000;2;100;15
Rind Steak (mager) frisch gegart;0;18;18;60;4;189;3620;9337;293;112;3;3;0;0;567;15
Leberwurst Aachener Frankfurter;22;4245;4249;421;11;1115;4578;7411;2211;403;6;44;1637;0;368;34
Kidney-Bohnen;11;0;2;650;0;190;2100;5783;780;400;10;182;4000;0;520;0
Milchspeiseeis;12;21;23;28;0,3;118;62;562;243;32;2,4;3;1178;0,1;49;3
Dinkelvollkornbrötchen;1;0;0;449;0;171;2378;4595;803;209;15,3;88;28;0;4117;0
Grahambrötchen;4;3;4;89;0;57;1036;2286;188;95;3;9;1;0;485;11
Sojabohnen reif frisch gegart;153;0;26;460;0;89;823;3973;659;331;20;59;2;0;720;41
Schokoladenpudding mit Vanillesoße (Zubereitung Großküche);14;22;24;21;0;132;112;779;276;36;2,7;3;694;0;57;3
Kaffee mit Milch und Zucker (Getränk);1;1;1;2;0;15;667;684;12;1;0,2;1;54;0;2;0
"Maultaschen ""schwäbisch"" (Zubereitung Haushalt)";702;44;161;86;0,8;101;819;2436;334;101;4,3;18;6008;0,5;698;73
Teigwaren aus Hartgrieß;0;0;0;90;0;60;2000;4083;300;170;1;31;0;0;250;0
Leberwurst fein;1;5084;5084;402;13;1304;5058;7991;2583;433;6;53;22424;0;366;44
Margarine halbfett Linolsäure <30%;500;500;583;6;0,6;25;13;363;51;3;0;2;0;2,5;6000;25
Semmelbrösel;0;0;0;200;0;50;800;2483;600;107;6,2;39;0;0;400;0
Linsen gekeimt frisch;30;0;5;230;0;130;1100;2300;578;190;7;100;16500;0;90;5
Tahini aus rohem Sesam;0;0;0;1280;0;510;5925;10075;50;790;20;90;0;0;4000;2
Edelkastanien (Marone) gegart;25;0;4;136;0;165;593;1126;289;257;1,8;33;16998;0;472;0
Gemüsepaprika grün frisch;535;0;180;52;0;43;330;530;230;270;3;18;139000;0;2519;14
Vollkornbrötchen mit Sonnenblumenkernen;6;0;1;357;0;119;3475;4975;779;259;6,2;26;0;0;2922;20
Wurstkuchen mit Mürbeteig;92;84;99;282;1;182;748;3748;423;228;2;14;2160;0;445;21
Meerrettich frisch;20;0;3;140;0;110;600;1300;200;180;1,5;26;114000;0;100;50
Pommes frites mit Mayonnaise;8;64;65;65;0;12;1110;1643;393;148;1;13;16545;0,1;7340;2
Vollkornbrot-Weizen, Roggenvollkornschrottoastbrot;25;16;21;156;0;186;2976;4376;743;227;9;59;131;0;1748;27
Heidelbeere Konfitüre;7;0;1;2;0;2;44;61;18;7;0;0;1105;0;381;2
Linsensuppe (Zubereitung Haushalt);333;0;64;93;0,1;60;578;1461;233;133;1,2;19;4065;0;213;51
Gorgonzola;100;240;257;50;1,2;430;320;4520;1700;110;2;31;1000;1;600;30
Miso;54;0;9;60;0,2;100;1300;2883;500;300;15;40;0;0;800;11
Brühwurst mit Fleischeinlage (nicht umgerötet);19;14;17;312;2;220;2901;6068;525;211;1;4;731;0;288;15
Geflügelmortadella fettarm;97;18;34;101;0,8;40;4055;6605;789;135;0,9;9;26644;0;360;1
Schweinebauch in Aspik;185;3;130;54;1;173;2085;4752;658;350;0;7;41;0;77;9
Linsen reif Konserve;23;0;4;50;0;50;389;1272;164;72;1;49;100;0;284;55
Trüffelmosaikpastete;56;4;13;565;1;160;2134;5034;410;374;2;2;23597;0;277;11
Frikadelle (Zubereitung Großküche);16;33;36;413;3,6;255;5593;9393;654;263;5;9;576;0,2;762;45
Mais;923;0;185;360;0;200;1500;2500;650;400;6;26;0;0;2014;40
Dosenschinken;0;4;4;368;1;188;1611;5194;384;242;2;2;0;0;185;15
Champignonpastete;11;4;6;682;1;227;2812;6045;645;426;3;5;23363;0;306;15
Kichererbsen;710;0;118;300;0;130;2400;3583;700;160;3;33;25000;0;2700;0
Sardine Konserve in Öl, abgetropft;2;49;49;40;0,2;300;6480;9980;511;220;9;8;220;5;7417;1
Eierpastete;27;28;33;587;1;189;2169;5336;540;370;3;8;22979;0;491;17
Pflaumen frisch;366;0;61;70;0;45;440;440;180;45;0,1;2;5000;0;862;10
Gurke;393;0;66;20;0;30;200;267;240;35;0,9;20;8000;0;63;12
Landjäger Würste;0;5;5;416;2;177;2656;5456;366;232;1;2;0;0;343;9
Rotkohl Konserve gegart;12;0;3;16;0;27;192;409;146;67;1;6;9739;0;1765;104
Buschbohnen grün frisch;310;0;56;81;0;120;570;1053;500;280;7;44;20000;0;132;22
Plockwurst;0;10;11;587;3;293;4668;9351;593;377;2;3;2;0;518;16
Rote Rübe frisch;11;0;2;22;0;42;230;430;130;50;0,1;93;10000;0;47;5
"Putenschnitzel ""italienische Art"" (Zubereitung Gastronomie)";16;40;43;44;0,1;105;5517;9084;466;245;8,5;9;134;0,2;3717;7
Leinsamen geschrotet;24;0;8;233;0;106;1813;8430;0;261;8,3;37;0;1,4;8092;2
Lebkuchenteigbackwaren;579;54;151;77;0;231;1389;2822;407;67;8;23;7282;1;8874;9
Champignonpastete mit Mürbeteig;25;29;33;392;1;159;1823;3873;487;256;2;5;115;0;331;14
Schweinegrillschnitten                   ;40;3;10;822;2;218;2831;6698;562;522;2;3;78;0;271;18
Schwein Filet (mager) frisch;0;6;6;900;2;230;5000;9033;700;500;5;3;0;0;410;18
Filetblutwurst;0;5;5;448;1;126;1172;5239;331;319;1;3;38;0;182;16
Hanfnussöl;0;0;0;0;0;0;0;0;0;0;0;0;0;0;0;0
Apfel-Streuselkuchen aus Mürbeteig fettreich;59;81;91;24;0;24;160;510;58;47;2;4;1639;0;529;12
Hühnerei Vollei;13;276;278;100;2;310;83;3100;1600;120;25;65;0;2,9;2022;48
Sardine Konserve abgetropft;0;7;7;14;0,1;146;5693;9060;440;563;5,7;2;235;5,3;246;0
Cervelatwurst;0;6;6;608;2;221;3263;6946;480;382;2;2;0;0;396;14
Kalbfleischwurst;1;2;2;245;1;159;2531;4998;539;279;1;4;18;0;241;7
Hirse roh;0;0;0;433;0;109;1800;4367;1000;519;6;20;0;0;100;1
Eisbergsalat;3600;0;600;46;0;30;200;383;46;30;0,7;53;3900;0;570;112
Petersilienblatt frisch;5413;0;902;140;0;300;1350;2533;300;200;0,4;116;166000;0;3703;790
Mandelmus;0;0;0;130;0;610;2875;4892;260;76;0,3;65;500;0;5000;0
Paranuss;0;0;0;1000;0;35;200;2683;230;110;6,5;40;700;0;7600;0
Zander tiefgefroren;0;1;1;120;2;250;2310;5510;170;240;2;8;700;0;1323;0
Brie Vollfettstufe;130;240;262;40;1,8;520;1200;5750;690;200;6;65;0;0,4;570;20
Erdnussbutter, -mus;0;0;0;150;0;100;15000;19350;1240;580;67;53;0;0;6800;10
Fenchel;140;0;23;33;0;110;200;500;0;59;0;37;9000;0;0;0
Lamm Leber roh;0;19895;19895;270;84;3300;14200;18600;8200;420;41;230;10000;0,5;460;0
Quark;1;1;1;40;1;300;150;3083;740;60;7;30;700;0;10;1
Apfelkuchen aus Rührmasse;51;91;100;29;0;51;166;849;190;53;4;7;1352;0;648;15
Kuhmilch Trinkmilch fettarm;8;13;14;40;0,5;180;90;823;350;50;3,5;5;1000;0;37;2
Puderzucker;0;0;0;0;0;0;0;0;0;0;0;0;0;0;0;0
Brathähnchen Schenkel roh;0;36;36;100;0,3;240;5600;9933;840;245;3;11;0;0;130;0
Pökelwaren Eisbein;0;4;4;681;1;177;2433;5583;521;401;2;2;0;0;219;14
Granatapfel frisch;40;0;7;50;0;20;300;417;600;105;2;7;7000;0;200;10
Dinkelbrot (Vollkornbrot);1;0;0;383;0;178;2262;4295;764;221;14,2;84;26;0;3649;0
Distelöl (Safloröl);0;0;0;0;0;0;0;0;0;0;0;0;0;0;44471;11
Pute frisch;0;13;13;100;0,4;180;10500;14283;1100;460;2;16;0;0;500;0
Chinakohl frisch gegart;405;0;68;16;0;25;254;471;148;76;0;44;12375;0;254;264
Bleichsellerie Gemüsesaft;2676;0;446;25;0;55;423;690;287;46;0;3;2870;0;205;20
Zwetschge Konfitüre;55;0;9;5;0;3;44;44;17;5;0;0;147;0;113;2
Hering frisch Fischzuschnitt;0;28;28;40;8,5;180;3800;6833;940;302;10;5;700;22,5;1500;0
Erbsen grün tiefgefroren gegart;427;0;72;195;0;111;1767;2800;564;104;5;14;10534;0;303;36
Milchreis (Zubereitung Gastronomie);12;21;23;30;0;128;323;1106;374;67;2,9;8;774;0;80;4
Reisbrot;4;3;4;210;0;87;1629;2829;419;165;4;22;1;0;437;15
Weizenkeimöl;0;0;0;0;0;0;0;0;0;0;0;0;0;0;174480;24
Pinienkern;18;0;3;810;0;190;3600;8400;208;110;10;57;1900;0;13650;0
Dattel frisch;36;0;6;70;0;70;2000;2833;800;140;5;21;3000;0;200;10
Hirse Korn geschält roh;0;0;0;433;0;109;1800;4800;1000;519;6;20;0;0;100;1
Edelkastanien (Maronen) geröstet;260;0;44;92;0;135;558;1025;275;192;0,9;28;12372;0;1970;10
Tee grün (Getränk);0;0;0;1;0;10;100;217;1;1;0;5;0;0;0;0
Schlackwurst;0;6;6;483;2;192;2885;5885;422;282;1;2;3;0;357;11
Brathähnchen Brustfilet gebraten (zubereitet ohne Fett);0;26;26;50;0,3;86;8793;13960;804;380;2,2;9;0;0;239;0
Graubrot-Roggenmischbrot mit Sonnenblumenkernen;1;0;0;206;0;77;818;1935;510;138;3,3;26;0;0;2343;28
Wassermelone roh;245;0;41;45;0;50;150;317;1600;70;4;5;6000;0;70;0
Knäckebrot-Roggenmischbrot mit Leinsamen;33;0;6;213;0;147;1086;2986;611;238;5;36;0;0;1285;44
Rind Niere frisch;0;330;330;300;31;2260;6170;9570;3850;390;24;170;11000;1;298;0
Porree frisch gegart;1006;0;168;48;0;46;356;623;110;182;1;31;12076;0;592;224
Kartoffeln ungeschält roh;5;0;1;78;0;7;1220;1720;400;164;0,4;15;18760;0;53;2
Haselnuss geröstet;256;0;43;209;0;95;904;4087;0;360;28;119;0;0;21623;20
Dattel;36;0;6;70;0;70;2000;2833;800;140;5;21;3000;0;200;10
Kümmelwurst Rohwurst;0;5;5;440;2;171;2542;5325;344;265;1;2;2;0;355;10
Thüringer Rotwurst;0;684;684;601;3;342;2791;6491;798;481;3;10;289;0;262;24
Mandeldrink ungesüßt;0;0;0;0;0,4;200;100;100;0;0;0;0,9;0;0,8;0;0
Reis Kleie;0;0;0;2260;0;250;29800;32017;400;200;0,5;10;0;0;2000;1
Kartoffelsuppe (Zubereitung Haushalt);176;9;44;32;0;16;369;569;114;85;0,2;7;4231;0;66;10
Buchweizenvollkornbrot;6;0;1;231;0;106;2864;4164;612;248;5;22;0;0;1011;15
Burgunder Schinken in Aspik;199;5;103;880;2;240;3318;7568;644;611;3;5;455;0;280;29
Sesam geröstet;270;0;45;359;0;159;2877;7294;769;431;5;44;0;0;1750;12
Zungenpreßkopf;1;3;3;497;1;291;2275;4792;1027;409;2;5;227;0;269;11
Preßköpfe;2;4;4;827;2;223;3027;6327;568;517;2;3;26670;0;340;17
Kasseler Kamm roh geräuchert;0;5;5;627;1,3;158;2130;6630;356;438;1,9;1;0;0;237;0
Glühwein;1;0;0;1;0,1;13;69;69;130;13;0,9;1;1301;0;0;0
Walnussöl;0;0;0;0;0;0;0;0;0;0;0;0;0;0;3258;15
Kokosnuss Mehl;0;0;0;0;0;0;900;3400;0;100;9,5;11;0;0;0;0
Fladenbrote;4;3;4;76;0;57;764;1931;189;106;2;17;1;0;340;9
Graubrot mit Käse;4;8;9;126;0,1;78;652;1702;369;116;3;23;0;0;705;29
Schinkenpreßkopf;48;4;37;806;2;216;2962;6145;565;536;2;2;9;0;297;17
Graubrot-Roggentoastbrot;21;16;20;201;0;202;1898;3131;773;222;9;85;131;0;1066;33
Hirse Flocken;0;0;0;433;0;109;1800;4367;1000;519;6;20;0;0;100;1
Frühstücksfleisch;80;3;16;647;1;180;2418;5351;461;382;2;2;21809;0;287;14
Moosbeere frisch;22;0;4;30;0;20;100;233;220;70;2;2;11000;0;500;10
Saure Sahne 20 % Fett;120;220;240;40;0,3;170;100;700;380;40;3;11;1000;0,4;600;20
Olivenpastete;45;3;11;555;1;169;2129;4846;374;343;2;11;23257;0;331;11
Hühnerei Vollei frisch;13;276;278;100;2;310;83;3100;1600;120;25;65;0;2,9;2022;48
Cabanossi (Brühwurst);136;5;28;357;2;168;2525;5042;338;204;1;2;21082;0;302;9
Gemüsepaprika rot;2125;0;354;40;0;120;1600;1817;270;450;3;50;140000;0;2900;5
Lasagne al forno (Zubereitung Gastronomie);296;443;537;83;1,6;198;1356;2973;583;117;11,8;23;2315;0,3;503;33
Straßburger Gänseleberwurst;1;7733;7733;416;34;2152;6291;10224;5120;712;71;433;25108;1;333;71
Joghurt teilentrahmt;10;20;22;30;0,4;170;100;900;370;45;3,6;10;1000;0;40;2
Garnele frisch;0;2;2;50;0,9;34;2552;5935;276;104;1;7;2000;0,5;4000;0
Brühwurst;84;2;16;503;1;148;1948;4731;323;306;1;1;22874;0;281;9
Spitzpaprika rot;2125;0;354;40;0;120;1600;1817;270;450;3;50;140000;0;2900;5
Zungenwurst hell;71;3;15;547;1;218;2236;5203;651;371;2;3;100;0;310;10
Kaffee mit Kondensmilch und Zucker (Getränk);0;3;3;3;0;20;670;720;23;2;0,3;1;32;0;5;0
Rinderbierschinken;1;11;11;396;3;245;4139;8039;528;283;2;2;23774;0;326;13
Geflügelfleischkäse gekocht;1;1;1;88;0,5;112;5694;10327;485;416;3,9;5;41;0;554;0
Hafer Vollkornflocken;0;0;0;562;0;28;1000;3883;1090;98;20;87;0;0;800;63
Zuckermelone - Honigmelone;4672;0;779;60;0;20;600;683;170;90;4;30;32000;0;140;1
Füllung für Spanferkel;26;4298;4302;339;11;1196;4713;7413;2547;485;5;54;3007;0;302;42
Getrüffelte Zungenpastete;19;23;26;394;1;211;2178;4628;785;296;2;5;287;0;356;11
Gurke frisch;393;0;66;20;0;30;200;267;240;35;0,9;20;8000;0;63;12
Casein;10;10;12;0;0,2;70;40;17707;150;0;14;3;0;0;20;1
Schwein Speck und Schinken;0;4;4;877;2;226;3094;6894;608;511;3;3;0;0;266;18
Makrele geräuchert;0;72;72;110;7,3;430;7990;11657;0;310;0;54;0;6,9;877;0
Zungenblutwurst;1;4;4;203;1;218;1303;4953;862;260;1;5;265;0;213;14
Lupinenmehl;0;0;0;300;0;200;1600;6700;500;200;10,1;188,3;2500;0;0;43
Eiscreme;16;30;33;30;0;142;72;655;276;35;3;5;1020;0;51;3
Wurst;0;7;7;539;2;225;3449;7132;476;343;2;2;2;0;393;14
Pastinake roh;20;0;3;80;0;130;940;1173;500;110;0;59;18000;0;880;1
Olivenöl;220;120;157;0;0;0;0;0;0;0;0;0;0;0;12077;50
Schinken-Käsesülze;201;40;159;233;1;185;924;4274;397;210;2;8;247;0;211;25
Kartoffelstärke Mehl;0;0;0;6;0;7;140;240;10;10;0;0;0;0;0;0
Mandeldrink gesüßt;0;0;0;0;0,4;200;100;200;0;0;0;1,2;0;0,8;0;0
Füllung für Kalbsbrust;207;63;174;211;2;177;2000;4417;511;180;3;13;239;0;491;26
Blattspinat gegart;5226;0;871;68;0;171;461;1161;217;177;6;48;28992;0;1694;347
Erdbeere frisch;50;0;8;30;0;50;500;733;300;60;4;16;65000;0;120;13
Tilsiter;150;280;305;50;2;350;210;5910;500;60;2;30;0;0,5;760;27
Wiener Schnitzel (Zubereitung Großküche);3;13;14;84;0,6;240;6287;9620;884;301;2,4;16;883;0,1;404;11
Graupenblutwurst;203;8;143;71;1;81;1216;2883;336;192;1;7;494;0;193;7
Schupfnudeln (Zubereitung Haushalt);5;43;44;77;0,3;66;708;1775;427;191;3,4;20;8074;0,5;405;25
Kasseler Rippenspeer roh geräuchert;0;5;5;655;1,4;163;2204;5671;376;463;2,1;1;0;0;230;0
Limette Fruchtsaft;8;0;2;19;0;14;119;152;152;35;0;4;22857;0;350;2
Blumenkohl gedämpft;11;0;2;78;0;92;531;1181;950;188;1,9;35;50441;0;75;33
Putenbrust gebraten, mit Soße (Zubereitung Großküche);648;0;129;74;0;55;3564;5464;266;185;5;9;3798;0;624;45
Preßsäckel;2;4;4;827;2;223;3027;6327;568;517;2;3;26670;0;340;17
Vollkornbrot-Roggenvollkornbrot;4;0;1;102;0;98;1329;2396;534;152;5;36;0;0;1004;31
Sauermilchkäse (Harzer) Magerstufe;10;10;12;30;2;360;700;7200;600;30;1,4;3;0;0;20;1
Mandel süß Mehl;62;0;21;114;0;122;3029;6062;360;15;0;23;0;0;13403;0
Rettich weiß frisch;9;0;2;30;0;30;400;467;180;60;0,5;24;27000;0;10;50
Pute Brust frisch;0;1;1;47;0,5;110;11300;15717;590;460;10;7;0;0;900;0
Zwiebeln;7;0;1;36;0;20;200;567;170;156;4;11;7400;0;67;1
Grapefruit Fruchtsaft;15;0;3;39;0;20;194;261;202;23;0;7;26725;0;253;3
Orange Fruchtsaft;90;0;15;65;0;34;247;397;197;41;2;15;30857;0;246;3
Cabanossi Konserve;136;5;28;357;2;168;2525;5042;338;204;1;2;21082;0;302;9
Puffreis;0;0;0;110;0;100;3000;4250;320;75;1;19;0;0;400;1
Kartoffeln ungeschält roh gegart mit Küchenabfall;4;0;1;52;0;5;837;1220;264;109;0,2;7;11859;0;42;2
Blumenkohl gekocht;9;0;2;90;0;80;510;1010;702;129;1,4;26;49000;0;69;28
Walnuss europäisch;48;0;8;340;0;120;1000;3167;820;870;19;77;2600;0;6040;2
Rind Herz frisch;0;6;6;510;9,9;910;7200;10700;2780;280;7,3;4;5500;1;376;0
Sardelle Konserve;0;11;11;34;0,4;148;10980;13613;439;78;4;2;274;16;392;0
Hühnerei Eiweiß frisch gegart;0;0;0;16;0;226;73;2740;113;10;6;12;302;0;0;1
Konfitüre, Marmelade mit Fruchtzucker für Diabetiker;86;0;14;14;0;15;114;164;65;12;0;1;3414;0;37;3
Schinkentorte;638;15;138;262;1;201;1053;4003;350;219;1;12;2740;0;289;76
Sülzwürste;0;4;4;793;2;304;2926;6809;753;527;2;2;52;0;260;15
Wiener Würstchen Konserve;21;3;7;469;1;158;2251;4884;341;289;1;2;22886;0;303;9
Fenchelgemüse gedünstet (Zubereitung Haushalt);4310;30;748;211;0;125;196;796;241;94;1,9;72;75474;0;6185;246
Skyr;0;0;0;0;1;300;100;2300;600;100;7;30;0;0;0;2
Bierschinken-Pastete;22;25;29;659;1;176;1957;5174;484;431;2;4;22;0;317;18
Parmesan;210;380;415;30;2;450;200;7200;1200;100;2,7;7;0;0,7;1000;35
Köhler tiefgefroren gegart;0;6;6;32;3;155;2748;6298;319;241;7;7;504;1;350;0
Rotkohl frisch gegart;14;0;3;35;0;30;244;477;228;99;1;20;22852;0;1727;102
Bierschinken, Schinkenpastete;1;4;4;704;1;186;2537;5870;484;455;2;2;20112;0;255;15
Brötchen-Weizenbrötchen;4;3;4;68;0;51;765;1998;149;84;2;9;1;0;358;9
Curry-Bratwurst;6;2;3;462;1;134;1800;4033;302;274;1;2;72;0;273;8
Ricotta Vollfettstufe;120;300;320;13;0,3;195;104;2537;600;43;5;18;0;0,2;700;15
Rind Gulasch (mager) frisch gegart;0;4;4;61;4;227;3811;9011;538;114;3;3;0;0;574;16
Fleischwurst, Stadtwurst;80;2;15;450;1;139;1881;4498;298;273;1;1;21594;0;268;9
Mettwurst grob;0;3;3;635;1;179;2406;5506;414;393;2;2;0;0;326;13
Schwartenmagen;165;5;120;1011;3;592;9464;12697;2148;1189;3;18;32;0;485;34
Brötchen mit Milch;12;14;16;77;0;93;783;2250;215;92;3;9;588;0;377;10
Pute Truthahn gegart;0;11;11;88;0,4;219;9946;14913;1042;405;2;13;0;0;541;0
Frischkäse Doppelrahmstufe;150;300;325;45;0,5;230;110;2493;440;60;4,4;23;200;0,3;700;30
Edamer;150;280;305;40;1,9;300;100;5467;400;70;1,5;35;1;0,5;420;30
Seitan (braun);17;0;3;30;0;19;215;3782;73;33;0,6;6;485;0;220;5
Bismarckhering Konserve, abgetropft;5;22;23;35;8;124;2366;4999;621;191;7;3;761;21;1371;34
Tatar (Schabefleisch) frisch;0;20;20;230;5;260;7500;11417;600;190;3;3;0;0;480;13
Moosbeere;22;0;4;30;0;20;100;233;220;70;2;2;11000;0;500;10
Pfälzer, Augsburger, Regensburger;136;5;28;357;2;168;2525;5042;338;204;1;2;21082;0;302;9
Weißer Fleischkäse;0;2;2;496;1;143;1926;4326;322;294;1;2;0;0;292;9
Schwein Rücken (Kotelett) (mittelfett) frisch gegart;0;9;9;504;2;208;2978;8261;358;341;5;2;0;0;500;18
Bratkartoffeln (Zubereitung Gastronomie);27;35;40;78;0;39;811;1261;268;203;0;14;11269;0,1;170;26
Xylit;0;0;0;0;0;0;0;0;0;0;0;0;0;0;0;0
Suppenhuhn Klein frisch gegart;0;2;2;101;13;1156;7804;12087;2996;476;2;7;0;0;314;0
Brötchen-Weizenmischbrötchen;0;0;0;142;0;84;995;2262;345;116;5;20;0;0;602;25
Pizza tonno (Zubereitung Gastronomie);218;15;51;58;0,1;69;1133;2016;263;106;3;33;7592;0,8;1763;8
Haferflocken;0;0;0;562;0;28;1000;4167;1090;98;20;87;0;0;800;63
Kondensmilch 10 % Fett;60;110;120;80;0,5;460;240;2140;1000;80;6,8;8;1400;0,2;230;10
Mettwurst schnittfeste Gruppe;0;5;5;417;2;175;2657;5324;375;234;1;2;0;0;348;10
Reisnudeln;0;0;0;31;0;17;221;221;51;15;0;3;0;0;0;0
Kalbfleisch-Galantine;0;1;1;107;1;318;5588;10255;1381;516;0;13;0;0;193;16
Kabeljau frisch Fischzuschnitt;0;12;12;55;0,5;65;2063;4963;256;245;2,2;12;2000;1,3;440;0
Spätzle (Zubereitung Gastronomie);2;50;51;22;0,4;46;171;1221;271;48;3,6;12;0;0,6;456;11
Wildbret-Galantine                     ;0;1;2;324;1;237;936;5019;664;371;1;4;0;0;430;5
Champignon Konserve gegart abgetropft;8;0;2;42;0;278;2717;3067;960;21;6;3;840;2;135;17
Sprotte frisch;0;90;90;40;7;250;4000;6783;1000;230;6;5;200;20;1500;0
Buchweizen Vollkorn;18;0;3;600;0;150;2900;5017;1200;600;5;50;0;0;1170;7
Rührei (Zubereitung Haushalt);24;182;186;71;1,5;235;76;2659;1198;85;18,1;47;196;1,6;1227;38
